Godot Engine v4.6.1.stable.official.14d19694e - https://godotengine.org

ERROR: Failed to read the root certificate store.
   at: get_system_ca_certificates (platform/windows/os_windows.cpp:2570)
[   0% ] [90m[1mfirst_scan_filesystem[22m | Started 项目初始化 (5 steps)[39m[0m
[   0% ] [90m[1mfirst_scan_filesystem[22m | 正在扫描文件结构……[39m[0m
[  16% ] [90m[1mfirst_scan_filesystem[22m | 正在加载全局类名……[39m[0m
[  33% ] [90m[1mfirst_scan_filesystem[22m | 正在校验 GDExtension……[39m[0m
[  50% ] [90m[1mfirst_scan_filesystem[22m | 正在创建自动加载脚本……[39m[0m
[  66% ] [90m[1mfirst_scan_filesystem[22m | 正在初始化插件……[39m[0m
[  83% ] [90m[1mfirst_scan_filesystem[22m | 正在启动文件扫描……[39m[0m
[92m[ DONE ][39m [1mfirst_scan_filesystem[22m
[0m
[   0% ] [90m[1mupdate_scripts_classes[22m | Started 正在注册全局类…… (439 steps)[39m[0m
[   0% ] [90m[1mupdate_scripts_classes[22m | AppraisalSystem[39m[0m
[   0% ] [90m[1mupdate_scripts_classes[22m | AqiCompanion[39m[0m
[   0% ] [90m[1mupdate_scripts_classes[22m | AppraisalActionDefinition[39m[0m
[   0% ] [90m[1mupdate_scripts_classes[22m | BuyerDefinition[39m[0m
[   0% ] [90m[1mupdate_scripts_classes[22m | ClueDefinition[39m[0m
[   1% ] [90m[1mupdate_scripts_classes[22m | CustomerDefinition[39m[0m
[   1% ] [90m[1mupdate_scripts_classes[22m | CustomerTermsDefinition[39m[0m
[   1% ] [90m[1mupdate_scripts_classes[22m | DayActionDefinition[39m[0m
[   1% ] [90m[1mupdate_scripts_classes[22m | EventChoiceDefinition[39m[0m
[   2% ] [90m[1mupdate_scripts_classes[22m | EventDefinition[39m[0m
[   2% ] [90m[1mupdate_scripts_classes[22m | FeePolicyDefinition[39m[0m
[   2% ] [90m[1mupdate_scripts_classes[22m | GhostRuleDefinition[39m[0m
[   2% ] [90m[1mupdate_scripts_classes[22m | ItemDefinition[39m[0m
[   2% ] [90m[1mupdate_scripts_classes[22m | ItemVariantDefinition[39m[0m
[   3% ] [90m[1mupdate_scripts_classes[22m | MirrorEncounterDefinition[39m[0m
[   3% ] [90m[1mupdate_scripts_classes[22m | PawnTermsDefinition[39m[0m
[   3% ] [90m[1mupdate_scripts_classes[22m | QuestionDefinition[39m[0m
[   3% ] [90m[1mupdate_scripts_classes[22m | RunDefinition[39m[0m
[   4% ] [90m[1mupdate_scripts_classes[22m | TradeQuestionDefinition[39m[0m
[   4% ] [90m[1mupdate_scripts_classes[22m | TradeScenarioDefinition[39m[0m
[   4% ] [90m[1mupdate_scripts_classes[22m | VisitSlotDefinition[39m[0m
[   4% ] [90m[1mupdate_scripts_classes[22m | BuyerDTO[39m[0m
[   5% ] [90m[1mupdate_scripts_classes[22m | CustomerDTO[39m[0m
[   5% ] [90m[1mupdate_scripts_classes[22m | EventDTO[39m[0m
[   5% ] [90m[1mupdate_scripts_classes[22m | GhostRuleDTO[39m[0m
[   5% ] [90m[1mupdate_scripts_classes[22m | ItemDTO[39m[0m
[   5% ] [90m[1mupdate_scripts_classes[22m | PawnTermsDTO[39m[0m
[   6% ] [90m[1mupdate_scripts_classes[22m | RunDTO[39m[0m
[   6% ] [90m[1mupdate_scripts_classes[22m | CommerceDomainValidator[39m[0m
[   6% ] [90m[1mupdate_scripts_classes[22m | CommerceSchema[39m[0m
[   6% ] [90m[1mupdate_scripts_classes[22m | ContentCatalog[39m[0m
[   7% ] [90m[1mupdate_scripts_classes[22m | ContentIssue[39m[0m
[   7% ] [90m[1mupdate_scripts_classes[22m | ContentLoadResult[39m[0m
[   7% ] [90m[1mupdate_scripts_classes[22m | ContentMapper[39m[0m
[   7% ] [90m[1mupdate_scripts_classes[22m | ContentProvider[39m[0m
[   7% ] [90m[1mupdate_scripts_classes[22m | CounterDomainValidator[39m[0m
[   8% ] [90m[1mupdate_scripts_classes[22m | CounterSchema[39m[0m
[   8% ] [90m[1mupdate_scripts_classes[22m | DomainValidator[39m[0m
[   8% ] [90m[1mupdate_scripts_classes[22m | EventDomainValidator[39m[0m
[   8% ] [90m[1mupdate_scripts_classes[22m | EventSchema[39m[0m
[   9% ] [90m[1mupdate_scripts_classes[22m | GhostSchema[39m[0m
[   9% ] [90m[1mupdate_scripts_classes[22m | InMemoryContentProvider[39m[0m
[   9% ] [90m[1mupdate_scripts_classes[22m | JsonContentProvider[39m[0m
[   9% ] [90m[1mupdate_scripts_classes[22m | MarketSchema[39m[0m
[  10% ] [90m[1mupdate_scripts_classes[22m | RunExtensionSchema[39m[0m
[  10% ] [90m[1mupdate_scripts_classes[22m | RunSchema[39m[0m
[  10% ] [90m[1mupdate_scripts_classes[22m | SourceSchemaValidator[39m[0m
[  10% ] [90m[1mupdate_scripts_classes[22m | TradeScenarioSchema[39m[0m
[  10% ] [90m[1mupdate_scripts_classes[22m | VarietySchema[39m[0m
[  11% ] [90m[1mupdate_scripts_classes[22m | CustomerManager[39m[0m
[  11% ] [90m[1mupdate_scripts_classes[22m | CustomerVisit[39m[0m
[  11% ] [90m[1mupdate_scripts_classes[22m | FamiliarStories[39m[0m
[  11% ] [90m[1mupdate_scripts_classes[22m | FamiliarStoryVoice[39m[0m
[  12% ] [90m[1mupdate_scripts_classes[22m | NightMarketPlan[39m[0m
[  12% ] [90m[1mupdate_scripts_classes[22m | OrdinarySamplePlan[39m[0m
[  12% ] [90m[1mupdate_scripts_classes[22m | SevenNightPlan[39m[0m
[  12% ] [90m[1mupdate_scripts_classes[22m | VarietyService[39m[0m
[  12% ] [90m[1mupdate_scripts_classes[22m | ActionResult[39m[0m
[  13% ] [90m[1mupdate_scripts_classes[22m | BedroomMirrorFeedback[39m[0m
[  13% ] [90m[1mupdate_scripts_classes[22m | DayController[39m[0m
[  13% ] [90m[1mupdate_scripts_classes[22m | GoodsSeeking[39m[0m
[  13% ] [90m[1mupdate_scripts_classes[22m | OpeningPreparation[39m[0m
[  14% ] [90m[1mupdate_scripts_classes[22m | PreparationService[39m[0m
[  14% ] [90m[1mupdate_scripts_classes[22m | RoomFlow[39m[0m
[  14% ] [90m[1mupdate_scripts_classes[22m | RoomKeepsakes[39m[0m
[  14% ] [90m[1mupdate_scripts_classes[22m | RunSession[39m[0m
[  15% ] [90m[1mupdate_scripts_classes[22m | TimeController[39m[0m
[  15% ] [90m[1mupdate_scripts_classes[22m | CashFlowReadModel[39m[0m
[  15% ] [90m[1mupdate_scripts_classes[22m | EconomyManager[39m[0m
[  15% ] [90m[1mupdate_scripts_classes[22m | FeeService[39m[0m
[  15% ] [90m[1mupdate_scripts_classes[22m | FinancialSummary[39m[0m
[  16% ] [90m[1mupdate_scripts_classes[22m | GhostGuests[39m[0m
[  16% ] [90m[1mupdate_scripts_classes[22m | InvestigationCounterModel[39m[0m
[  16% ] [90m[1mupdate_scripts_classes[22m | InvestigationService[39m[0m
[  16% ] [90m[1mupdate_scripts_classes[22m | LivingMirror[39m[0m
[  17% ] [90m[1mupdate_scripts_classes[22m | MirrorChapterService[39m[0m
[  17% ] [90m[1mupdate_scripts_classes[22m | MirrorDreamService[39m[0m
[  17% ] [90m[1mupdate_scripts_classes[22m | MirrorEncounterService[39m[0m
[  17% ] [90m[1mupdate_scripts_classes[22m | MirrorEndingService[39m[0m
[  17% ] [90m[1mupdate_scripts_classes[22m | MirrorReunionService[39m[0m
[  18% ] [90m[1mupdate_scripts_classes[22m | EventDirector[39m[0m
[  18% ] [90m[1mupdate_scripts_classes[22m | BatchSaleReadModel[39m[0m
[  18% ] [90m[1mupdate_scripts_classes[22m | CommerceReadModels[39m[0m
[  18% ] [90m[1mupdate_scripts_classes[22m | CommerceService[39m[0m
[  19% ] [90m[1mupdate_scripts_classes[22m | CommerceVisualReadModels[39m[0m
[  19% ] [90m[1mupdate_scripts_classes[22m | GoodsExpertise[39m[0m
[  19% ] [90m[1mupdate_scripts_classes[22m | GoodsExpertiseUI[39m[0m
[  19% ] [90m[1mupdate_scripts_classes[22m | InventoryManager[39m[0m
[  20% ] [90m[1mupdate_scripts_classes[22m | [39m[0m
[  20% ] [90m[1mupdate_scripts_classes[22m | MarketService[39m[0m
[  20% ] [90m[1mupdate_scripts_classes[22m | EarlyRedemption[39m[0m
[  20% ] [90m[1mupdate_scripts_classes[22m | PawnController[39m[0m
[  20% ] [90m[1mupdate_scripts_classes[22m | PawnRedemptionPolicy[39m[0m
[  21% ] [90m[1mupdate_scripts_classes[22m | PawnReturnReadModels[39m[0m
[  21% ] [90m[1mupdate_scripts_classes[22m | PawnReturnService[39m[0m
[  21% ] [90m[1mupdate_scripts_classes[22m | PawnTicket[39m[0m
[  21% ] [90m[1mupdate_scripts_classes[22m | NightMarketRisk[39m[0m
[  22% ] [90m[1mupdate_scripts_classes[22m | PersonalRisk[39m[0m
[  22% ] [90m[1mupdate_scripts_classes[22m | RiskManager[39m[0m
[  22% ] [90m[1mupdate_scripts_classes[22m | RiskReadModels[39m[0m
[  22% ] [90m[1mupdate_scripts_classes[22m | CommerceSaveCodec[39m[0m
[  22% ] [90m[1mupdate_scripts_classes[22m | CounterSaveCodec[39m[0m
[  23% ] [90m[1mupdate_scripts_classes[22m | EventSaveCodec[39m[0m
[  23% ] [90m[1mupdate_scripts_classes[22m | FeeSaveCodec[39m[0m
[  23% ] [90m[1mupdate_scripts_classes[22m | GhostReplayStore[39m[0m
[  23% ] [90m[1mupdate_scripts_classes[22m | GhostSaveCodec[39m[0m
[  24% ] [90m[1mupdate_scripts_classes[22m | GoodsSaveCodec[39m[0m
[  24% ] [90m[1mupdate_scripts_classes[22m | InvestigationSaveCodec[39m[0m
[  24% ] [90m[1mupdate_scripts_classes[22m | MarketSaveCodec[39m[0m
[  24% ] [90m[1mupdate_scripts_classes[22m | MirrorSaveCodec[39m[0m
[  25% ] [90m[1mupdate_scripts_classes[22m | NightMarketSaveCodec[39m[0m
[  25% ] [90m[1mupdate_scripts_classes[22m | PersonalSaveCodec[39m[0m
[  25% ] [90m[1mupdate_scripts_classes[22m | RiskSaveCodec[39m[0m
[  25% ] [90m[1mupdate_scripts_classes[22m | RoomSaveCodec[39m[0m
[  25% ] [90m[1mupdate_scripts_classes[22m | RunSnapshot[39m[0m
[  26% ] [90m[1mupdate_scripts_classes[22m | SaveCodec[39m[0m
[  26% ] [90m[1mupdate_scripts_classes[22m | SaveLibrary[39m[0m
[  26% ] [90m[1mupdate_scripts_classes[22m | SaveManager[39m[0m
[  26% ] [90m[1mupdate_scripts_classes[22m | SaveTimeline[39m[0m
[  27% ] [90m[1mupdate_scripts_classes[22m | TradeScenarioSaveCodec[39m[0m
[  27% ] [90m[1mupdate_scripts_classes[22m | VarietySaveCodec[39m[0m
[  27% ] [90m[1mupdate_scripts_classes[22m | FanAppraisalModels[39m[0m
[  27% ] [90m[1mupdate_scripts_classes[22m | FanAppraisalService[39m[0m
[  27% ] [90m[1mupdate_scripts_classes[22m | FanBargainingService[39m[0m
[  28% ] [90m[1mupdate_scripts_classes[22m | FanConditionService[39m[0m
[  28% ] [90m[1mupdate_scripts_classes[22m | FanEvidence[39m[0m
[  28% ] [90m[1mupdate_scripts_classes[22m | ShopGrowthReadModels[39m[0m
[  28% ] [90m[1mupdate_scripts_classes[22m | ShopGrowthService[39m[0m
[  29% ] [90m[1mupdate_scripts_classes[22m | ShopKnowledgeService[39m[0m
[  29% ] [90m[1mupdate_scripts_classes[22m | ItemInstance[39m[0m
[  29% ] [90m[1mupdate_scripts_classes[22m | RunState[39m[0m
[  29% ] [90m[1mupdate_scripts_classes[22m | BelittleService[39m[0m
[  30% ] [90m[1mupdate_scripts_classes[22m | CounterReadModels[39m[0m
[  30% ] [90m[1mupdate_scripts_classes[22m | CounterService[39m[0m
[  30% ] [90m[1mupdate_scripts_classes[22m | CounterVisualReadModels[39m[0m
[  30% ] [90m[1mupdate_scripts_classes[22m | NegotiationReactions[39m[0m
[  30% ] [90m[1mupdate_scripts_classes[22m | ProvenanceService[39m[0m
[  31% ] [90m[1mupdate_scripts_classes[22m | TradeController[39m[0m
[  31% ] [90m[1mupdate_scripts_classes[22m | TradeReceiptModel[39m[0m
[  31% ] [90m[1mupdate_scripts_classes[22m | TradeScenarioService[39m[0m
[  31% ] [90m[1mupdate_scripts_classes[22m | TradeSession[39m[0m
[  32% ] [90m[1mupdate_scripts_classes[22m | Bootstrap[39m[0m
[  32% ] [90m[1mupdate_scripts_classes[22m | [39m[0m
[  32% ] [90m[1mupdate_scripts_classes[22m | [39m[0m
[  32% ] [90m[1mupdate_scripts_classes[22m | [39m[0m
[  32% ] [90m[1mupdate_scripts_classes[22m | [39m[0m
[  33% ] [90m[1mupdate_scripts_classes[22m | [39m[0m
[  33% ] [90m[1mupdate_scripts_classes[22m | [39m[0m
[  33% ] [90m[1mupdate_scripts_classes[22m | [39m[0m
[  33% ] [90m[1mupdate_scripts_classes[22m | [39m[0m
[  34% ] [90m[1mupdate_scripts_classes[22m | [39m[0m
[  34% ] [90m[1mupdate_scripts_classes[22m | [39m[0m
[  34% ] [90m[1mupdate_scripts_classes[22m | [39m[0m
[  34% ] [90m[1mupdate_scripts_classes[22m | [39m[0m
[  35% ] [90m[1mupdate_scripts_classes[22m | [39m[0m
[  35% ] [90m[1mupdate_scripts_classes[22m | [39m[0m
[  35% ] [90m[1mupdate_scripts_classes[22m | [39m[0m
[  35% ] [90m[1mupdate_scripts_classes[22m | [39m[0m
[  35% ] [90m[1mupdate_scripts_classes[22m | [39m[0m
[  36% ] [90m[1mupdate_scripts_classes[22m | [39m[0m
[  36% ] [90m[1mupdate_scripts_classes[22m | [39m[0m
[  36% ] [90m[1mupdate_scripts_classes[22m | [39m[0m
[  36% ] [90m[1mupdate_scripts_classes[22m | [39m[0m
[  37% ] [90m[1mupdate_scripts_classes[22m | [39m[0m
[  37% ] [90m[1mupdate_scripts_classes[22m | BargainingTests[39m[0m
[  37% ] [90m[1mupdate_scripts_classes[22m | [39m[0m
[  37% ] [90m[1mupdate_scripts_classes[22m | [39m[0m
[  37% ] [90m[1mupdate_scripts_classes[22m | [39m[0m
[  38% ] [90m[1mupdate_scripts_classes[22m | [39m[0m
[  38% ] [90m[1mupdate_scripts_classes[22m | [39m[0m
[  38% ] [90m[1mupdate_scripts_classes[22m | [39m[0m
[  38% ] [90m[1mupdate_scripts_classes[22m | [39m[0m
[  39% ] [90m[1mupdate_scripts_classes[22m | [39m[0m
[  39% ] [90m[1mupdate_scripts_classes[22m | [39m[0m
[  39% ] [90m[1mupdate_scripts_classes[22m | [39m[0m
[  39% ] [90m[1mupdate_scripts_classes[22m | [39m[0m
[  40% ] [90m[1mupdate_scripts_classes[22m | [39m[0m
[  40% ] [90m[1mupdate_scripts_classes[22m | [39m[0m
[  40% ] [90m[1mupdate_scripts_classes[22m | [39m[0m
[  40% ] [90m[1mupdate_scripts_classes[22m | [39m[0m
[  40% ] [90m[1mupdate_scripts_classes[22m | [39m[0m
[  41% ] [90m[1mupdate_scripts_classes[22m | [39m[0m
[  41% ] [90m[1mupdate_scripts_classes[22m | [39m[0m
[  41% ] [90m[1mupdate_scripts_classes[22m | [39m[0m
[  41% ] [90m[1mupdate_scripts_classes[22m | [39m[0m
[  42% ] [90m[1mupdate_scripts_classes[22m | [39m[0m
[  42% ] [90m[1mupdate_scripts_classes[22m | [39m[0m
[  42% ] [90m[1mupdate_scripts_classes[22m | [39m[0m
[  42% ] [90m[1mupdate_scripts_classes[22m | [39m[0m
[  42% ] [90m[1mupdate_scripts_classes[22m | [39m[0m
[  43% ] [90m[1mupdate_scripts_classes[22m | [39m[0m
[  43% ] [90m[1mupdate_scripts_classes[22m | [39m[0m
[  43% ] [90m[1mupdate_scripts_classes[22m | [39m[0m
[  43% ] [90m[1mupdate_scripts_classes[22m | [39m[0m
[  44% ] [90m[1mupdate_scripts_classes[22m | [39m[0m
[  44% ] [90m[1mupdate_scripts_classes[22m | [39m[0m
[  44% ] [90m[1mupdate_scripts_classes[22m | [39m[0m
[  44% ] [90m[1mupdate_scripts_classes[22m | [39m[0m
[  45% ] [90m[1mupdate_scripts_classes[22m | [39m[0m
[  45% ] [90m[1mupdate_scripts_classes[22m | [39m[0m
[  45% ] [90m[1mupdate_scripts_classes[22m | [39m[0m
[  45% ] [90m[1mupdate_scripts_classes[22m | [39m[0m
[  45% ] [90m[1mupdate_scripts_classes[22m | [39m[0m
[  46% ] [90m[1mupdate_scripts_classes[22m | [39m[0m
[  46% ] [90m[1mupdate_scripts_classes[22m | [39m[0m
[  46% ] [90m[1mupdate_scripts_classes[22m | [39m[0m
[  46% ] [90m[1mupdate_scripts_classes[22m | [39m[0m
[  47% ] [90m[1mupdate_scripts_classes[22m | [39m[0m
[  47% ] [90m[1mupdate_scripts_classes[22m | [39m[0m
[  47% ] [90m[1mupdate_scripts_classes[22m | [39m[0m
[  47% ] [90m[1mupdate_scripts_classes[22m | [39m[0m
[  47% ] [90m[1mupdate_scripts_classes[22m | [39m[0m
[  48% ] [90m[1mupdate_scripts_classes[22m | [39m[0m
[  48% ] [90m[1mupdate_scripts_classes[22m | [39m[0m
[  48% ] [90m[1mupdate_scripts_classes[22m | [39m[0m
[  48% ] [90m[1mupdate_scripts_classes[22m | [39m[0m
[  49% ] [90m[1mupdate_scripts_classes[22m | [39m[0m
[  49% ] [90m[1mupdate_scripts_classes[22m | [39m[0m
[  49% ] [90m[1mupdate_scripts_classes[22m | [39m[0m
[  49% ] [90m[1mupdate_scripts_classes[22m | [39m[0m
[  50% ] [90m[1mupdate_scripts_classes[22m | [39m[0m
[  50% ] [90m[1mupdate_scripts_classes[22m | [39m[0m
[  50% ] [90m[1mupdate_scripts_classes[22m | [39m[0m
[  50% ] [90m[1mupdate_scripts_classes[22m | [39m[0m
[  50% ] [90m[1mupdate_scripts_classes[22m | [39m[0m
[  51% ] [90m[1mupdate_scripts_classes[22m | [39m[0m
[  51% ] [90m[1mupdate_scripts_classes[22m | [39m[0m
[  51% ] [90m[1mupdate_scripts_classes[22m | [39m[0m
[  51% ] [90m[1mupdate_scripts_classes[22m | [39m[0m
[  52% ] [90m[1mupdate_scripts_classes[22m | [39m[0m
[  52% ] [90m[1mupdate_scripts_classes[22m | [39m[0m
[  52% ] [90m[1mupdate_scripts_classes[22m | [39m[0m
[  52% ] [90m[1mupdate_scripts_classes[22m | [39m[0m
[  52% ] [90m[1mupdate_scripts_classes[22m | [39m[0m
[  53% ] [90m[1mupdate_scripts_classes[22m | [39m[0m
[  53% ] [90m[1mupdate_scripts_classes[22m | [39m[0m
[  53% ] [90m[1mupdate_scripts_classes[22m | [39m[0m
[  53% ] [90m[1mupdate_scripts_classes[22m | [39m[0m
[  54% ] [90m[1mupdate_scripts_classes[22m | [39m[0m
[  54% ] [90m[1mupdate_scripts_classes[22m | M1Tests[39m[0m
[  54% ] [90m[1mupdate_scripts_classes[22m | [39m[0m
[  54% ] [90m[1mupdate_scripts_classes[22m | M2Tests[39m[0m
[  55% ] [90m[1mupdate_scripts_classes[22m | [39m[0m
[  55% ] [90m[1mupdate_scripts_classes[22m | [39m[0m
[  55% ] [90m[1mupdate_scripts_classes[22m | M3Tests[39m[0m
[  55% ] [90m[1mupdate_scripts_classes[22m | [39m[0m
[  55% ] [90m[1mupdate_scripts_classes[22m | [39m[0m
[  56% ] [90m[1mupdate_scripts_classes[22m | M4Tests[39m[0m
[  56% ] [90m[1mupdate_scripts_classes[22m | [39m[0m
[  56% ] [90m[1mupdate_scripts_classes[22m | [39m[0m
[  56% ] [90m[1mupdate_scripts_classes[22m | M5Tests[39m[0m
[  57% ] [90m[1mupdate_scripts_classes[22m | [39m[0m
[  57% ] [90m[1mupdate_scripts_classes[22m | [39m[0m
[  57% ] [90m[1mupdate_scripts_classes[22m | M6Tests[39m[0m
[  57% ] [90m[1mupdate_scripts_classes[22m | [39m[0m
[  57% ] [90m[1mupdate_scripts_classes[22m | [39m[0m
[  58% ] [90m[1mupdate_scripts_classes[22m | M7Tests[39m[0m
[  58% ] [90m[1mupdate_scripts_classes[22m | [39m[0m
[  58% ] [90m[1mupdate_scripts_classes[22m | [39m[0m
[  58% ] [90m[1mupdate_scripts_classes[22m | [39m[0m
[  59% ] [90m[1mupdate_scripts_classes[22m | [39m[0m
[  59% ] [90m[1mupdate_scripts_classes[22m | [39m[0m
[  59% ] [90m[1mupdate_scripts_classes[22m | [39m[0m
[  59% ] [90m[1mupdate_scripts_classes[22m | [39m[0m
[  60% ] [90m[1mupdate_scripts_classes[22m | [39m[0m
[  60% ] [90m[1mupdate_scripts_classes[22m | [39m[0m
[  60% ] [90m[1mupdate_scripts_classes[22m | [39m[0m
[  60% ] [90m[1mupdate_scripts_classes[22m | [39m[0m
[  60% ] [90m[1mupdate_scripts_classes[22m | MarketTests[39m[0m
[  61% ] [90m[1mupdate_scripts_classes[22m | [39m[0m
[  61% ] [90m[1mupdate_scripts_classes[22m | [39m[0m
[  61% ] [90m[1mupdate_scripts_classes[22m | [39m[0m
[  61% ] [90m[1mupdate_scripts_classes[22m | [39m[0m
[  62% ] [90m[1mupdate_scripts_classes[22m | [39m[0m
[  62% ] [90m[1mupdate_scripts_classes[22m | [39m[0m
[  62% ] [90m[1mupdate_scripts_classes[22m | [39m[0m
[  62% ] [90m[1mupdate_scripts_classes[22m | [39m[0m
[  62% ] [90m[1mupdate_scripts_classes[22m | [39m[0m
[  63% ] [90m[1mupdate_scripts_classes[22m | [39m[0m
[  63% ] [90m[1mupdate_scripts_classes[22m | [39m[0m
[  63% ] [90m[1mupdate_scripts_classes[22m | [39m[0m
[  63% ] [90m[1mupdate_scripts_classes[22m | [39m[0m
[  64% ] [90m[1mupdate_scripts_classes[22m | [39m[0m
[  64% ] [90m[1mupdate_scripts_classes[22m | [39m[0m
[  64% ] [90m[1mupdate_scripts_classes[22m | [39m[0m
[  64% ] [90m[1mupdate_scripts_classes[22m | [39m[0m
[  65% ] [90m[1mupdate_scripts_classes[22m | [39m[0m
[  65% ] [90m[1mupdate_scripts_classes[22m | [39m[0m
[  65% ] [90m[1mupdate_scripts_classes[22m | PawnTests[39m[0m
[  65% ] [90m[1mupdate_scripts_classes[22m | [39m[0m
[  65% ] [90m[1mupdate_scripts_classes[22m | [39m[0m
[  66% ] [90m[1mupdate_scripts_classes[22m | [39m[0m
[  66% ] [90m[1mupdate_scripts_classes[22m | [39m[0m
[  66% ] [90m[1mupdate_scripts_classes[22m | [39m[0m
[  66% ] [90m[1mupdate_scripts_classes[22m | [39m[0m
[  67% ] [90m[1mupdate_scripts_classes[22m | [39m[0m
[  67% ] [90m[1mupdate_scripts_classes[22m | [39m[0m
[  67% ] [90m[1mupdate_scripts_classes[22m | [39m[0m
[  67% ] [90m[1mupdate_scripts_classes[22m | [39m[0m
[  67% ] [90m[1mupdate_scripts_classes[22m | [39m[0m
[  68% ] [90m[1mupdate_scripts_classes[22m | [39m[0m
[  68% ] [90m[1mupdate_scripts_classes[22m | [39m[0m
[  68% ] [90m[1mupdate_scripts_classes[22m | RoomTests[39m[0m
[  68% ] [90m[1mupdate_scripts_classes[22m | [39m[0m
[  69% ] [90m[1mupdate_scripts_classes[22m | [39m[0m
[  69% ] [90m[1mupdate_scripts_classes[22m | [39m[0m
[  69% ] [90m[1mupdate_scripts_classes[22m | [39m[0m
[  69% ] [90m[1mupdate_scripts_classes[22m | [39m[0m
[  70% ] [90m[1mupdate_scripts_classes[22m | [39m[0m
[  70% ] [90m[1mupdate_scripts_classes[22m | [39m[0m
[  70% ] [90m[1mupdate_scripts_classes[22m | [39m[0m
[  70% ] [90m[1mupdate_scripts_classes[22m | [39m[0m
[  70% ] [90m[1mupdate_scripts_classes[22m | [39m[0m
[  71% ] [90m[1mupdate_scripts_classes[22m | [39m[0m
[  71% ] [90m[1mupdate_scripts_classes[22m | [39m[0m
[  71% ] [90m[1mupdate_scripts_classes[22m | [39m[0m
[  71% ] [90m[1mupdate_scripts_classes[22m | [39m[0m
[  72% ] [90m[1mupdate_scripts_classes[22m | [39m[0m
[  72% ] [90m[1mupdate_scripts_classes[22m | [39m[0m
[  72% ] [90m[1mupdate_scripts_classes[22m | [39m[0m
[  72% ] [90m[1mupdate_scripts_classes[22m | [39m[0m
[  72% ] [90m[1mupdate_scripts_classes[22m | [39m[0m
[  73% ] [90m[1mupdate_scripts_classes[22m | [39m[0m
[  73% ] [90m[1mupdate_scripts_classes[22m | [39m[0m
[  73% ] [90m[1mupdate_scripts_classes[22m | [39m[0m
[  73% ] [90m[1mupdate_scripts_classes[22m | [39m[0m
[  74% ] [90m[1mupdate_scripts_classes[22m | [39m[0m
[  74% ] [90m[1mupdate_scripts_classes[22m | [39m[0m
[  74% ] [90m[1mupdate_scripts_classes[22m | [39m[0m
[  74% ] [90m[1mupdate_scripts_classes[22m | [39m[0m
[  75% ] [90m[1mupdate_scripts_classes[22m | [39m[0m
[  75% ] [90m[1mupdate_scripts_classes[22m | [39m[0m
[  75% ] [90m[1mupdate_scripts_classes[22m | [39m[0m
[  75% ] [90m[1mupdate_scripts_classes[22m | [39m[0m
[  75% ] [90m[1mupdate_scripts_classes[22m | [39m[0m
[  76% ] [90m[1mupdate_scripts_classes[22m | [39m[0m
[  76% ] [90m[1mupdate_scripts_classes[22m | [39m[0m
[  76% ] [90m[1mupdate_scripts_classes[22m | [39m[0m
[  76% ] [90m[1mupdate_scripts_classes[22m | [39m[0m
[  77% ] [90m[1mupdate_scripts_classes[22m | [39m[0m
[  77% ] [90m[1mupdate_scripts_classes[22m | [39m[0m
[  77% ] [90m[1mupdate_scripts_classes[22m | [39m[0m
[  77% ] [90m[1mupdate_scripts_classes[22m | [39m[0m
[  77% ] [90m[1mupdate_scripts_classes[22m | [39m[0m
[  78% ] [90m[1mupdate_scripts_classes[22m | [39m[0m
[  78% ] [90m[1mupdate_scripts_classes[22m | SevenTestDriver[39m[0m
[  78% ] [90m[1mupdate_scripts_classes[22m | [39m[0m
[  78% ] [90m[1mupdate_scripts_classes[22m | [39m[0m
[  79% ] [90m[1mupdate_scripts_classes[22m | [39m[0m
[  79% ] [90m[1mupdate_scripts_classes[22m | [39m[0m
[  79% ] [90m[1mupdate_scripts_classes[22m | [39m[0m
[  79% ] [90m[1mupdate_scripts_classes[22m | [39m[0m
[  80% ] [90m[1mupdate_scripts_classes[22m | [39m[0m
[  80% ] [90m[1mupdate_scripts_classes[22m | [39m[0m
[  80% ] [90m[1mupdate_scripts_classes[22m | [39m[0m
[  80% ] [90m[1mupdate_scripts_classes[22m | [39m[0m
[  80% ] [90m[1mupdate_scripts_classes[22m | [39m[0m
[  81% ] [90m[1mupdate_scripts_classes[22m | [39m[0m
[  81% ] [90m[1mupdate_scripts_classes[22m | [39m[0m
[  81% ] [90m[1mupdate_scripts_classes[22m | [39m[0m
[  81% ] [90m[1mupdate_scripts_classes[22m | [39m[0m
[  82% ] [90m[1mupdate_scripts_classes[22m | [39m[0m
[  82% ] [90m[1mupdate_scripts_classes[22m | [39m[0m
[  82% ] [90m[1mupdate_scripts_classes[22m | [39m[0m
[  82% ] [90m[1mupdate_scripts_classes[22m | [39m[0m
[  82% ] [90m[1mupdate_scripts_classes[22m | [39m[0m
[  83% ] [90m[1mupdate_scripts_classes[22m | [39m[0m
[  83% ] [90m[1mupdate_scripts_classes[22m | [39m[0m
[  83% ] [90m[1mupdate_scripts_classes[22m | [39m[0m
[  83% ] [90m[1mupdate_scripts_classes[22m | [39m[0m
[  84% ] [90m[1mupdate_scripts_classes[22m | VarietyTests[39m[0m
[  84% ] [90m[1mupdate_scripts_classes[22m | [39m[0m
[  84% ] [90m[1mupdate_scripts_classes[22m | [39m[0m
[  84% ] [90m[1mupdate_scripts_classes[22m | [39m[0m
[  85% ] [90m[1mupdate_scripts_classes[22m | [39m[0m
[  85% ] [90m[1mupdate_scripts_classes[22m | AppraisalPanel[39m[0m
[  85% ] [90m[1mupdate_scripts_classes[22m | AppraisalPresenter[39m[0m
[  85% ] [90m[1mupdate_scripts_classes[22m | AccountPaper[39m[0m
[  85% ] [90m[1mupdate_scripts_classes[22m | CounterVisualCatalog[39m[0m
[  86% ] [90m[1mupdate_scripts_classes[22m | CounterFeaturePresenter[39m[0m
[  86% ] [90m[1mupdate_scripts_classes[22m | FeaturePanel[39m[0m
[  86% ] [90m[1mupdate_scripts_classes[22m | IntentPanel[39m[0m
[  86% ] [90m[1mupdate_scripts_classes[22m | AqiCompanionView[39m[0m
[  87% ] [90m[1mupdate_scripts_classes[22m | CounterAtmospherePresenter[39m[0m
[  87% ] [90m[1mupdate_scripts_classes[22m | [39m[0m
[  87% ] [90m[1mupdate_scripts_classes[22m | CounterPresenter[39m[0m
[  87% ] [90m[1mupdate_scripts_classes[22m | CounterScreen[39m[0m
[  87% ] [90m[1mupdate_scripts_classes[22m | CounterStage[39m[0m
[  88% ] [90m[1mupdate_scripts_classes[22m | CounterStoryView[39m[0m
[  88% ] [90m[1mupdate_scripts_classes[22m | CounterTheme[39m[0m
[  88% ] [90m[1mupdate_scripts_classes[22m | CounterView[39m[0m
[  88% ] [90m[1mupdate_scripts_classes[22m | DayFlowPanel[39m[0m
[  89% ] [90m[1mupdate_scripts_classes[22m | DayFlowPresenter[39m[0m
[  89% ] [90m[1mupdate_scripts_classes[22m | DialoguePanel[39m[0m
[  89% ] [90m[1mupdate_scripts_classes[22m | DialoguePresenter[39m[0m
[  89% ] [90m[1mupdate_scripts_classes[22m | AqiArt[39m[0m
[  90% ] [90m[1mupdate_scripts_classes[22m | EventPanel[39m[0m
[  90% ] [90m[1mupdate_scripts_classes[22m | EventPresenter[39m[0m
[  90% ] [90m[1mupdate_scripts_classes[22m | NarrativeScene[39m[0m
[  90% ] [90m[1mupdate_scripts_classes[22m | BatchSaleView[39m[0m
[  90% ] [90m[1mupdate_scripts_classes[22m | [39m[0m
[  91% ] [90m[1mupdate_scripts_classes[22m | InventoryPanel[39m[0m
[  91% ] [90m[1mupdate_scripts_classes[22m | InventoryPresenter[39m[0m
[  91% ] [90m[1mupdate_scripts_classes[22m | ProvenanceConfirmation[39m[0m
[  91% ] [90m[1mupdate_scripts_classes[22m | LedgerPanel[39m[0m
[  92% ] [90m[1mupdate_scripts_classes[22m | LedgerPresenter[39m[0m
[  92% ] [90m[1mupdate_scripts_classes[22m | SaveLibraryView[39m[0m
[  92% ] [90m[1mupdate_scripts_classes[22m | SessionMenuView[39m[0m
[  92% ] [90m[1mupdate_scripts_classes[22m | TitleMenuButton[39m[0m
[  92% ] [90m[1mupdate_scripts_classes[22m | TitleMenuView[39m[0m
[  93% ] [90m[1mupdate_scripts_classes[22m | NightResolutionPresenter[39m[0m
[  93% ] [90m[1mupdate_scripts_classes[22m | NightResolutionView[39m[0m
[  93% ] [90m[1mupdate_scripts_classes[22m | [39m[0m
[  93% ] [90m[1mupdate_scripts_classes[22m | [39m[0m
[  94% ] [90m[1mupdate_scripts_classes[22m | MirrorReunionScript[39m[0m
[  94% ] [90m[1mupdate_scripts_classes[22m | MirrorReunionStage[39m[0m
[  94% ] [90m[1mupdate_scripts_classes[22m | MirrorReunionView[39m[0m
[  94% ] [90m[1mupdate_scripts_classes[22m | RiskPanel[39m[0m
[  95% ] [90m[1mupdate_scripts_classes[22m | RiskPresenter[39m[0m
[  95% ] [90m[1mupdate_scripts_classes[22m | BedroomMirror[39m[0m
[  95% ] [90m[1mupdate_scripts_classes[22m | KeepsakesPanel[39m[0m
[  95% ] [90m[1mupdate_scripts_classes[22m | MirrorDreamView[39m[0m
[  95% ] [90m[1mupdate_scripts_classes[22m | PrivateRoomPresenter[39m[0m
[  96% ] [90m[1mupdate_scripts_classes[22m | PrivateRoomView[39m[0m
[  96% ] [90m[1mupdate_scripts_classes[22m | FacilitiesNavigation[39m[0m
[  96% ] [90m[1mupdate_scripts_classes[22m | FacilitiesRoomView[39m[0m
[  96% ] [90m[1mupdate_scripts_classes[22m | FanAppraisalView[39m[0m
[  97% ] [90m[1mupdate_scripts_classes[22m | FanDeskObject[39m[0m
[  97% ] [90m[1mupdate_scripts_classes[22m | ShopStatusView[39m[0m
[  97% ] [90m[1mupdate_scripts_classes[22m | BargainDialog[39m[0m
[  97% ] [90m[1mupdate_scripts_classes[22m | CustomerDeparturePresenter[39m[0m
[  97% ] [90m[1mupdate_scripts_classes[22m | CustomerReplyModel[39m[0m
[  98% ] [90m[1mupdate_scripts_classes[22m | TradeFeedbackView[39m[0m
[  98% ] [90m[1mupdate_scripts_classes[22m | TradePanel[39m[0m
[  98% ] [90m[1mupdate_scripts_classes[22m | TradePresenter[39m[0m
[  98% ] [90m[1mupdate_scripts_classes[22m | TradeReceiptView[39m[0m
[  99% ] [90m[1mupdate_scripts_classes[22m | InvestigationPanel[39m[0m
[  99% ] [90m[1mupdate_scripts_classes[22m | ScreenFlowCoordinator[39m[0m
[  99% ] [90m[1mupdate_scripts_classes[22m | ShopGrowthPanel[39m[0m
[92m[ DONE ][39m [1mupdate_scripts_classes[22m
[0m
[   0% ] [90m[1m_update_scan_actions[22m | Started 正在扫描动作…… (639 steps)[39m[0m
[   0% ] [90m[1m_update_scan_actions[22m | desk.png[39m[0m
[   0% ] [90m[1m_update_scan_actions[22m | fan-flawed.png[39m[0m
[   0% ] [90m[1m_update_scan_actions[22m | fan-mended.png[39m[0m
[   0% ] [90m[1m_update_scan_actions[22m | fan-sound.png[39m[0m
[   0% ] [90m[1m_update_scan_actions[22m | reference-book.png[39m[0m
[   0% ] [90m[1m_update_scan_actions[22m | companion-side.png[39m[0m
[   0% ] [90m[1m_update_scan_actions[22m | counter-aqi-resting.png[39m[0m
[   1% ] [90m[1m_update_scan_actions[22m | counter-aqi-v2.png[39m[0m
[   1% ] [90m[1m_update_scan_actions[22m | counter-aqi.png[39m[0m
[   1% ] [90m[1m_update_scan_actions[22m | counter-bent.png[39m[0m
[   1% ] [90m[1m_update_scan_actions[22m | counter-fixed.png[39m[0m
[   1% ] [90m[1m_update_scan_actions[22m | ledger.svg[39m[0m
[   1% ] [90m[1m_update_scan_actions[22m | sketch-atlas.png[39m[0m
[   2% ] [90m[1m_update_scan_actions[22m | agent.svg[39m[0m
[   2% ] [90m[1m_update_scan_actions[22m | bookkeeper.svg[39m[0m
[   2% ] [90m[1m_update_scan_actions[22m | citizen.svg[39m[0m
[   2% ] [90m[1m_update_scan_actions[22m | hawker.svg[39m[0m
[   2% ] [90m[1m_update_scan_actions[22m | mirror_wife.svg[39m[0m
[   2% ] [90m[1m_update_scan_actions[22m | scholar.svg[39m[0m
[   2% ] [90m[1m_update_scan_actions[22m | seamstress.svg[39m[0m
[   3% ] [90m[1m_update_scan_actions[22m | teahouse.svg[39m[0m
[   3% ] [90m[1m_update_scan_actions[22m | watchmaker.svg[39m[0m
[   3% ] [90m[1m_update_scan_actions[22m | bowl_back.svg[39m[0m
[   3% ] [90m[1m_update_scan_actions[22m | bowl_front.svg[39m[0m
[   3% ] [90m[1m_update_scan_actions[22m | bowl_intact.svg[39m[0m
[   3% ] [90m[1m_update_scan_actions[22m | bowl_repair.svg[39m[0m
[   4% ] [90m[1m_update_scan_actions[22m | holder_back.svg[39m[0m
[   4% ] [90m[1m_update_scan_actions[22m | holder_brass.svg[39m[0m
[   4% ] [90m[1m_update_scan_actions[22m | holder_front.svg[39m[0m
[   4% ] [90m[1m_update_scan_actions[22m | holder_iron.svg[39m[0m
[   4% ] [90m[1m_update_scan_actions[22m | mirror_back.svg[39m[0m
[   4% ] [90m[1m_update_scan_actions[22m | mirror_blood.svg[39m[0m
[   5% ] [90m[1m_update_scan_actions[22m | mirror_front.svg[39m[0m
[   5% ] [90m[1m_update_scan_actions[22m | mirror_inscription.svg[39m[0m
[   5% ] [90m[1m_update_scan_actions[22m | mirror_ordinary_front.svg[39m[0m
[   5% ] [90m[1m_update_scan_actions[22m | mirror_resentful_front.svg[39m[0m
[   5% ] [90m[1m_update_scan_actions[22m | agent.png[39m[0m
[   5% ] [90m[1m_update_scan_actions[22m | bookkeeper.png[39m[0m
[   5% ] [90m[1m_update_scan_actions[22m | citizen.png[39m[0m
[   6% ] [90m[1m_update_scan_actions[22m | hawker.png[39m[0m
[   6% ] [90m[1m_update_scan_actions[22m | scholar.png[39m[0m
[   6% ] [90m[1m_update_scan_actions[22m | seamstress.png[39m[0m
[   6% ] [90m[1m_update_scan_actions[22m | teahouse.png[39m[0m
[   6% ] [90m[1m_update_scan_actions[22m | watchmaker.png[39m[0m
[   6% ] [90m[1m_update_scan_actions[22m | ghost_closed_bundle.png[39m[0m
[   7% ] [90m[1m_update_scan_actions[22m | ghost_swap_guest.png[39m[0m
[   7% ] [90m[1m_update_scan_actions[22m | jiang_suyun.png[39m[0m
[   7% ] [90m[1m_update_scan_actions[22m | mirror_husband.png[39m[0m
[   7% ] [90m[1m_update_scan_actions[22m | mirror_medicine.png[39m[0m
[   7% ] [90m[1m_update_scan_actions[22m | xu_wenheng.png[39m[0m
[   7% ] [90m[1m_update_scan_actions[22m | citizen.png[39m[0m
[   7% ] [90m[1m_update_scan_actions[22m | neighbor.png[39m[0m
[   8% ] [90m[1m_update_scan_actions[22m | neighbor_v2.png[39m[0m
[   8% ] [90m[1m_update_scan_actions[22m | bowl_front.png[39m[0m
[   8% ] [90m[1m_update_scan_actions[22m | hairpin_front.png[39m[0m
[   8% ] [90m[1m_update_scan_actions[22m | handbell.png[39m[0m
[   8% ] [90m[1m_update_scan_actions[22m | paper.png[39m[0m
[   8% ] [90m[1m_update_scan_actions[22m | counter_room.png[39m[0m
[   9% ] [90m[1m_update_scan_actions[22m | reflection-normal.png[39m[0m
[   9% ] [90m[1m_update_scan_actions[22m | room-normal.png[39m[0m
[   9% ] [90m[1m_update_scan_actions[22m | room-rest.png[39m[0m
[   9% ] [90m[1m_update_scan_actions[22m | room-shell.png[39m[0m
[   9% ] [90m[1m_update_scan_actions[22m | discovered-compartment.png[39m[0m
[   9% ] [90m[1m_update_scan_actions[22m | return-arrow.png[39m[0m
[  10% ] [90m[1m_update_scan_actions[22m | room-level0.png[39m[0m
[  10% ] [90m[1m_update_scan_actions[22m | room-level1.png[39m[0m
[  10% ] [90m[1m_update_scan_actions[22m | room-level2.png[39m[0m
[  10% ] [90m[1m_update_scan_actions[22m | room-level3.png[39m[0m
[  10% ] [90m[1m_update_scan_actions[22m | NotoSansSC.ttf[39m[0m
[  10% ] [90m[1m_update_scan_actions[22m | folding_fan_back.svg[39m[0m
[  10% ] [90m[1m_update_scan_actions[22m | folding_fan_front.svg[39m[0m
[  11% ] [90m[1m_update_scan_actions[22m | folding_fan_sound.svg[39m[0m
[  11% ] [90m[1m_update_scan_actions[22m | silver_lock_back.svg[39m[0m
[  11% ] [90m[1m_update_scan_actions[22m | silver_lock_condition_mended.svg[39m[0m
[  11% ] [90m[1m_update_scan_actions[22m | silver_lock_flaw.svg[39m[0m
[  11% ] [90m[1m_update_scan_actions[22m | silver_lock_front.svg[39m[0m
[  11% ] [90m[1m_update_scan_actions[22m | silver_lock_sound.svg[39m[0m
[  12% ] [90m[1m_update_scan_actions[22m | silver_ring_back.svg[39m[0m
[  12% ] [90m[1m_update_scan_actions[22m | silver_ring_condition_mended.svg[39m[0m
[  12% ] [90m[1m_update_scan_actions[22m | silver_ring_flaw.svg[39m[0m
[  12% ] [90m[1m_update_scan_actions[22m | silver_ring_front.svg[39m[0m
[  12% ] [90m[1m_update_scan_actions[22m | silver_ring_sound.svg[39m[0m
[  12% ] [90m[1m_update_scan_actions[22m | tea_cup_back.svg[39m[0m
[  12% ] [90m[1m_update_scan_actions[22m | tea_cup_condition_mended.svg[39m[0m
[  13% ] [90m[1m_update_scan_actions[22m | tea_cup_flaw.svg[39m[0m
[  13% ] [90m[1m_update_scan_actions[22m | tea_cup_front.svg[39m[0m
[  13% ] [90m[1m_update_scan_actions[22m | tea_cup_pattern0_side0.svg[39m[0m
[  13% ] [90m[1m_update_scan_actions[22m | tea_cup_pattern0_side1.svg[39m[0m
[  13% ] [90m[1m_update_scan_actions[22m | tea_cup_pattern1_side0.svg[39m[0m
[  13% ] [90m[1m_update_scan_actions[22m | tea_cup_pattern1_side1.svg[39m[0m
[  14% ] [90m[1m_update_scan_actions[22m | tea_cup_sound.svg[39m[0m
[  14% ] [90m[1m_update_scan_actions[22m | mirror_vignette.png[39m[0m
[  14% ] [90m[1m_update_scan_actions[22m | counter-incense-lit.png[39m[0m
[  14% ] [90m[1m_update_scan_actions[22m | counter-lamp-off.png[39m[0m
[  14% ] [90m[1m_update_scan_actions[22m | incense-smoke.png[39m[0m
[  14% ] [90m[1m_update_scan_actions[22m | button-plaque.png[39m[0m
[  15% ] [90m[1m_update_scan_actions[22m | menu-background.png[39m[0m
[  15% ] [90m[1m_update_scan_actions[22m | crying-woman-source.mp3[39m[0m
[  15% ] [90m[1m_update_scan_actions[22m | door-sobbing.wav[39m[0m
[  15% ] [90m[1m_update_scan_actions[22m | wife_sorrow_blood_tears.png[39m[0m
[  15% ] [90m[1m_update_scan_actions[22m | wife_waiting_blood_tears.png[39m[0m
[  15% ] [90m[1m_update_scan_actions[22m | acknowledged.png[39m[0m
[  15% ] [90m[1m_update_scan_actions[22m | disappointed.png[39m[0m
[  16% ] [90m[1m_update_scan_actions[22m | released.png[39m[0m
[  16% ] [90m[1m_update_scan_actions[22m | resentment.png[39m[0m
[  16% ] [90m[1m_update_scan_actions[22m | husband_angry.png[39m[0m
[  16% ] [90m[1m_update_scan_actions[22m | husband_evasive.png[39m[0m
[  16% ] [90m[1m_update_scan_actions[22m | husband_remorse.png[39m[0m
[  16% ] [90m[1m_update_scan_actions[22m | husband_surprise.png[39m[0m
[  17% ] [90m[1m_update_scan_actions[22m | husband_terrified.png[39m[0m
[  17% ] [90m[1m_update_scan_actions[22m | wife_disappointed.png[39m[0m
[  17% ] [90m[1m_update_scan_actions[22m | wife_questioning.png[39m[0m
[  17% ] [90m[1m_update_scan_actions[22m | wife_reaching.png[39m[0m
[  17% ] [90m[1m_update_scan_actions[22m | wife_relief.png[39m[0m
[  17% ] [90m[1m_update_scan_actions[22m | wife_sorrow.png[39m[0m
[  17% ] [90m[1m_update_scan_actions[22m | wife_waiting.png[39m[0m
[  18% ] [90m[1m_update_scan_actions[22m | clock.wav[39m[0m
[  18% ] [90m[1m_update_scan_actions[22m | door.wav[39m[0m
[  18% ] [90m[1m_update_scan_actions[22m | factory.wav[39m[0m
[  18% ] [90m[1m_update_scan_actions[22m | floor.wav[39m[0m
[  18% ] [90m[1m_update_scan_actions[22m | hairpin.svg[39m[0m
[  18% ] [90m[1m_update_scan_actions[22m | key.wav[39m[0m
[  19% ] [90m[1m_update_scan_actions[22m | paper.wav[39m[0m
[  19% ] [90m[1m_update_scan_actions[22m | stamp.wav[39m[0m
[  19% ] [90m[1m_update_scan_actions[22m | bowl_foot.svg[39m[0m
[  19% ] [90m[1m_update_scan_actions[22m | bowl_seam.svg[39m[0m
[  19% ] [90m[1m_update_scan_actions[22m | hairpin_seam.svg[39m[0m
[  19% ] [90m[1m_update_scan_actions[22m | alert-circle.svg[39m[0m
[  20% ] [90m[1m_update_scan_actions[22m | candle.svg[39m[0m
[  20% ] [90m[1m_update_scan_actions[22m | clock.svg[39m[0m
[  20% ] [90m[1m_update_scan_actions[22m | coins.svg[39m[0m
[  20% ] [90m[1m_update_scan_actions[22m | menu-2.svg[39m[0m
[  20% ] [90m[1m_update_scan_actions[22m | moon.svg[39m[0m
[  20% ] [90m[1m_update_scan_actions[22m | receipt.svg[39m[0m
[  20% ] [90m[1m_update_scan_actions[22m | ticket.svg[39m[0m
[  21% ] [90m[1m_update_scan_actions[22m | envelope.png[39m[0m
[  21% ] [90m[1m_update_scan_actions[22m | pawn_hanging.png[39m[0m
[  21% ] [90m[1m_update_scan_actions[22m | level-one-study.png[39m[0m
[  21% ] [90m[1m_update_scan_actions[22m | progression-00-initial.png[39m[0m
[  21% ] [90m[1m_update_scan_actions[22m | progression-01-repaired.png[39m[0m
[  21% ] [90m[1m_update_scan_actions[22m | progression-02-specialized.png[39m[0m
[  22% ] [90m[1m_update_scan_actions[22m | progression-03-premium.png[39m[0m
[  22% ] [90m[1m_update_scan_actions[22m | selected-initial.png[39m[0m
[  22% ] [90m[1m_update_scan_actions[22m | selected.png[39m[0m
[  22% ] [90m[1m_update_scan_actions[22m | 1280-arrival.png[39m[0m
[  22% ] [90m[1m_update_scan_actions[22m | 1280-counter_collapsed.png[39m[0m
[  22% ] [90m[1m_update_scan_actions[22m | 1280-decline.png[39m[0m
[  22% ] [90m[1m_update_scan_actions[22m | 1280-fixed.png[39m[0m
[  23% ] [90m[1m_update_scan_actions[22m | 1280-portrait.png[39m[0m
[  23% ] [90m[1m_update_scan_actions[22m | 1600-arrival.png[39m[0m
[  23% ] [90m[1m_update_scan_actions[22m | 1600-counter_collapsed.png[39m[0m
[  23% ] [90m[1m_update_scan_actions[22m | 1600-decline.png[39m[0m
[  23% ] [90m[1m_update_scan_actions[22m | 1600-fixed.png[39m[0m
[  23% ] [90m[1m_update_scan_actions[22m | 1600-portrait.png[39m[0m
[  24% ] [90m[1m_update_scan_actions[22m | 1280-busy.png[39m[0m
[  24% ] [90m[1m_update_scan_actions[22m | 1280-customer.png[39m[0m
[  24% ] [90m[1m_update_scan_actions[22m | 1280-paper_options.png[39m[0m
[  24% ] [90m[1m_update_scan_actions[22m | 1280-topics.png[39m[0m
[  24% ] [90m[1m_update_scan_actions[22m | 1600-busy.png[39m[0m
[  24% ] [90m[1m_update_scan_actions[22m | 1600-customer.png[39m[0m
[  25% ] [90m[1m_update_scan_actions[22m | 1600-paper_options.png[39m[0m
[  25% ] [90m[1m_update_scan_actions[22m | 1600-topics.png[39m[0m
[  25% ] [90m[1m_update_scan_actions[22m | 1280-2200.png[39m[0m
[  25% ] [90m[1m_update_scan_actions[22m | 1280-arrival.png[39m[0m
[  25% ] [90m[1m_update_scan_actions[22m | 1280-arrival_counter.png[39m[0m
[  25% ] [90m[1m_update_scan_actions[22m | 1280-busy.png[39m[0m
[  25% ] [90m[1m_update_scan_actions[22m | 1280-chat_result.png[39m[0m
[  26% ] [90m[1m_update_scan_actions[22m | 1280-customer.png[39m[0m
[  26% ] [90m[1m_update_scan_actions[22m | 1280-idle.png[39m[0m
[  26% ] [90m[1m_update_scan_actions[22m | 1280-old_affairs.png[39m[0m
[  26% ] [90m[1m_update_scan_actions[22m | 1280-old_ticket.png[39m[0m
[  26% ] [90m[1m_update_scan_actions[22m | 1280-paper_options.png[39m[0m
[  26% ] [90m[1m_update_scan_actions[22m | 1280-paper_result.png[39m[0m
[  27% ] [90m[1m_update_scan_actions[22m | 1280-preparation.png[39m[0m
[  27% ] [90m[1m_update_scan_actions[22m | 1280-request.png[39m[0m
[  27% ] [90m[1m_update_scan_actions[22m | 1280-ticket_comparison.png[39m[0m
[  27% ] [90m[1m_update_scan_actions[22m | 1280-topics.png[39m[0m
[  27% ] [90m[1m_update_scan_actions[22m | 1600-2200.png[39m[0m
[  27% ] [90m[1m_update_scan_actions[22m | 1600-arrival.png[39m[0m
[  27% ] [90m[1m_update_scan_actions[22m | 1600-arrival_counter.png[39m[0m
[  28% ] [90m[1m_update_scan_actions[22m | 1600-busy.png[39m[0m
[  28% ] [90m[1m_update_scan_actions[22m | 1600-chat_result.png[39m[0m
[  28% ] [90m[1m_update_scan_actions[22m | 1600-customer.png[39m[0m
[  28% ] [90m[1m_update_scan_actions[22m | 1600-idle.png[39m[0m
[  28% ] [90m[1m_update_scan_actions[22m | 1600-old_affairs.png[39m[0m
[  28% ] [90m[1m_update_scan_actions[22m | 1600-old_ticket.png[39m[0m
[  29% ] [90m[1m_update_scan_actions[22m | 1600-paper_options.png[39m[0m
[  29% ] [90m[1m_update_scan_actions[22m | 1600-paper_result.png[39m[0m
[  29% ] [90m[1m_update_scan_actions[22m | 1600-preparation.png[39m[0m
[  29% ] [90m[1m_update_scan_actions[22m | 1600-request.png[39m[0m
[  29% ] [90m[1m_update_scan_actions[22m | 1600-ticket_comparison.png[39m[0m
[  29% ] [90m[1m_update_scan_actions[22m | 1600-topics.png[39m[0m
[  30% ] [90m[1m_update_scan_actions[22m | 1280-arrival.png[39m[0m
[  30% ] [90m[1m_update_scan_actions[22m | 1280-bent.png[39m[0m
[  30% ] [90m[1m_update_scan_actions[22m | 1280-counter_collapsed.png[39m[0m
[  30% ] [90m[1m_update_scan_actions[22m | 1280-decline.png[39m[0m
[  30% ] [90m[1m_update_scan_actions[22m | 1280-ending.png[39m[0m
[  30% ] [90m[1m_update_scan_actions[22m | 1280-fixed.png[39m[0m
[  30% ] [90m[1m_update_scan_actions[22m | 1280-floorplan.png[39m[0m
[  31% ] [90m[1m_update_scan_actions[22m | 1280-ledger.png[39m[0m
[  31% ] [90m[1m_update_scan_actions[22m | 1280-paper_reply.png[39m[0m
[  31% ] [90m[1m_update_scan_actions[22m | 1600-arrival.png[39m[0m
[  31% ] [90m[1m_update_scan_actions[22m | 1600-bent.png[39m[0m
[  31% ] [90m[1m_update_scan_actions[22m | 1600-counter_collapsed.png[39m[0m
[  31% ] [90m[1m_update_scan_actions[22m | 1600-decline.png[39m[0m
[  32% ] [90m[1m_update_scan_actions[22m | 1600-ending.png[39m[0m
[  32% ] [90m[1m_update_scan_actions[22m | 1600-fixed.png[39m[0m
[  32% ] [90m[1m_update_scan_actions[22m | 1600-floorplan.png[39m[0m
[  32% ] [90m[1m_update_scan_actions[22m | 1600-ledger.png[39m[0m
[  32% ] [90m[1m_update_scan_actions[22m | 1600-paper_reply.png[39m[0m
[  32% ] [90m[1m_update_scan_actions[22m | 1280-arrival.png[39m[0m
[  32% ] [90m[1m_update_scan_actions[22m | 1280-counter_collapsed.png[39m[0m
[  33% ] [90m[1m_update_scan_actions[22m | 1280-fixed.png[39m[0m
[  33% ] [90m[1m_update_scan_actions[22m | 1280-ledger.png[39m[0m
[  33% ] [90m[1m_update_scan_actions[22m | 1280-portrait.png[39m[0m
[  33% ] [90m[1m_update_scan_actions[22m | 1600-arrival.png[39m[0m
[  33% ] [90m[1m_update_scan_actions[22m | 1600-counter_collapsed.png[39m[0m
[  33% ] [90m[1m_update_scan_actions[22m | 1600-fixed.png[39m[0m
[  34% ] [90m[1m_update_scan_actions[22m | 1600-ledger.png[39m[0m
[  34% ] [90m[1m_update_scan_actions[22m | 1600-portrait.png[39m[0m
[  34% ] [90m[1m_update_scan_actions[22m | 1280-arrival.png[39m[0m
[  34% ] [90m[1m_update_scan_actions[22m | 1280-decline.png[39m[0m
[  34% ] [90m[1m_update_scan_actions[22m | 1280-ending.png[39m[0m
[  34% ] [90m[1m_update_scan_actions[22m | 1280-fixed.png[39m[0m
[  35% ] [90m[1m_update_scan_actions[22m | 1280-ledger.png[39m[0m
[  35% ] [90m[1m_update_scan_actions[22m | 1280-portrait.png[39m[0m
[  35% ] [90m[1m_update_scan_actions[22m | 1600-arrival.png[39m[0m
[  35% ] [90m[1m_update_scan_actions[22m | 1600-decline.png[39m[0m
[  35% ] [90m[1m_update_scan_actions[22m | 1600-ending.png[39m[0m
[  35% ] [90m[1m_update_scan_actions[22m | 1600-fixed.png[39m[0m
[  35% ] [90m[1m_update_scan_actions[22m | 1600-ledger.png[39m[0m
[  36% ] [90m[1m_update_scan_actions[22m | 1600-portrait.png[39m[0m
[  36% ] [90m[1m_update_scan_actions[22m | 1280-paper.png[39m[0m
[  36% ] [90m[1m_update_scan_actions[22m | 1600-paper.png[39m[0m
[  36% ] [90m[1m_update_scan_actions[22m | 1280-arrival.png[39m[0m
[  36% ] [90m[1m_update_scan_actions[22m | 1280-customer.png[39m[0m
[  36% ] [90m[1m_update_scan_actions[22m | 1280-old_affairs.png[39m[0m
[  37% ] [90m[1m_update_scan_actions[22m | 1280-topics.png[39m[0m
[  37% ] [90m[1m_update_scan_actions[22m | 1600-arrival.png[39m[0m
[  37% ] [90m[1m_update_scan_actions[22m | 1600-customer.png[39m[0m
[  37% ] [90m[1m_update_scan_actions[22m | 1600-old_affairs.png[39m[0m
[  37% ] [90m[1m_update_scan_actions[22m | 1600-topics.png[39m[0m
[  37% ] [90m[1m_update_scan_actions[22m | 1280-arrival.png[39m[0m
[  37% ] [90m[1m_update_scan_actions[22m | 1280-coat.png[39m[0m
[  38% ] [90m[1m_update_scan_actions[22m | 1280-decline.png[39m[0m
[  38% ] [90m[1m_update_scan_actions[22m | 1280-ending.png[39m[0m
[  38% ] [90m[1m_update_scan_actions[22m | 1280-fixed.png[39m[0m
[  38% ] [90m[1m_update_scan_actions[22m | 1280-floorplan.png[39m[0m
[  38% ] [90m[1m_update_scan_actions[22m | 1280-ledger.png[39m[0m
[  38% ] [90m[1m_update_scan_actions[22m | 1280-paper.png[39m[0m
[  39% ] [90m[1m_update_scan_actions[22m | 1280-shop_crisis.png[39m[0m
[  39% ] [90m[1m_update_scan_actions[22m | 1600-arrival.png[39m[0m
[  39% ] [90m[1m_update_scan_actions[22m | 1600-coat.png[39m[0m
[  39% ] [90m[1m_update_scan_actions[22m | 1600-decline.png[39m[0m
[  39% ] [90m[1m_update_scan_actions[22m | 1600-ending.png[39m[0m
[  39% ] [90m[1m_update_scan_actions[22m | 1600-fixed.png[39m[0m
[  40% ] [90m[1m_update_scan_actions[22m | 1600-floorplan.png[39m[0m
[  40% ] [90m[1m_update_scan_actions[22m | 1600-ledger.png[39m[0m
[  40% ] [90m[1m_update_scan_actions[22m | 1600-paper.png[39m[0m
[  40% ] [90m[1m_update_scan_actions[22m | 1600-shop_crisis.png[39m[0m
[  40% ] [90m[1m_update_scan_actions[22m | bedroom-1280_lamp_inspect.png[39m[0m
[  40% ] [90m[1m_update_scan_actions[22m | bedroom-1280_relax_sleep.png[39m[0m
[  40% ] [90m[1m_update_scan_actions[22m | deferred-1280.png[39m[0m
[  41% ] [90m[1m_update_scan_actions[22m | redeemed-1600.png[39m[0m
[  41% ] [90m[1m_update_scan_actions[22m | request-1280.png[39m[0m
[  41% ] [90m[1m_update_scan_actions[22m | facilities_1280_01_initial.png[39m[0m
[  41% ] [90m[1m_update_scan_actions[22m | facilities_1280_02_bench_paper.png[39m[0m
[  41% ] [90m[1m_update_scan_actions[22m | facilities_1280_03_bench_only.png[39m[0m
[  41% ] [90m[1m_update_scan_actions[22m | facilities_1280_04_displayed.png[39m[0m
[  42% ] [90m[1m_update_scan_actions[22m | facilities_1280_06_compartment.png[39m[0m
[  42% ] [90m[1m_update_scan_actions[22m | facilities_1280_08_display_only.png[39m[0m
[  42% ] [90m[1m_update_scan_actions[22m | facilities_1280_preview_3.png[39m[0m
[  42% ] [90m[1m_update_scan_actions[22m | facilities_1600_01_initial.png[39m[0m
[  42% ] [90m[1m_update_scan_actions[22m | facilities_1600_02_bench_paper.png[39m[0m
[  42% ] [90m[1m_update_scan_actions[22m | facilities_1600_03_bench_only.png[39m[0m
[  42% ] [90m[1m_update_scan_actions[22m | facilities_1600_04_displayed.png[39m[0m
[  43% ] [90m[1m_update_scan_actions[22m | facilities_1600_06_compartment.png[39m[0m
[  43% ] [90m[1m_update_scan_actions[22m | facilities_1600_08_display_only.png[39m[0m
[  43% ] [90m[1m_update_scan_actions[22m | facilities_1600_preview_3.png[39m[0m
[  43% ] [90m[1m_update_scan_actions[22m | accountant-return-1280.png[39m[0m
[  43% ] [90m[1m_update_scan_actions[22m | funded-silk-1280.png[39m[0m
[  43% ] [90m[1m_update_scan_actions[22m | pending-ticket-1280.png[39m[0m
[  44% ] [90m[1m_update_scan_actions[22m | redemption-1600.png[39m[0m
[  44% ] [90m[1m_update_scan_actions[22m | silk-offer-1280.png[39m[0m
[  44% ] [90m[1m_update_scan_actions[22m | claim-1280.png[39m[0m
[  44% ] [90m[1m_update_scan_actions[22m | desk-1280.png[39m[0m
[  44% ] [90m[1m_update_scan_actions[22m | desk-1600.png[39m[0m
[  44% ] [90m[1m_update_scan_actions[22m | source-size.png[39m[0m
[  45% ] [90m[1m_update_scan_actions[22m | zoom-1600.png[39m[0m
[  45% ] [90m[1m_update_scan_actions[22m | claim-1600.png[39m[0m
[  45% ] [90m[1m_update_scan_actions[22m | confirm-1280.png[39m[0m
[  45% ] [90m[1m_update_scan_actions[22m | confirm-1600.png[39m[0m
[  45% ] [90m[1m_update_scan_actions[22m | light-confirm-1280.png[39m[0m
[  45% ] [90m[1m_update_scan_actions[22m | light-confirm-1600.png[39m[0m
[  45% ] [90m[1m_update_scan_actions[22m | notes-1280.png[39m[0m
[  46% ] [90m[1m_update_scan_actions[22m | notes-1600.png[39m[0m
[  46% ] [90m[1m_update_scan_actions[22m | retry-1280.png[39m[0m
[  46% ] [90m[1m_update_scan_actions[22m | single-clear-1280.png[39m[0m
[  46% ] [90m[1m_update_scan_actions[22m | single-clear-1600.png[39m[0m
[  46% ] [90m[1m_update_scan_actions[22m | 1280-request.png[39m[0m
[  46% ] [90m[1m_update_scan_actions[22m | 1600-request.png[39m[0m
[  47% ] [90m[1m_update_scan_actions[22m | four_1280_bowl_evidence.png[39m[0m
[  47% ] [90m[1m_update_scan_actions[22m | four_1280_foot_bargaining.png[39m[0m
[  47% ] [90m[1m_update_scan_actions[22m | four_1280_foot_evidence.png[39m[0m
[  47% ] [90m[1m_update_scan_actions[22m | four_1280_hairpin_evidence.png[39m[0m
[  47% ] [90m[1m_update_scan_actions[22m | four_1600_fourth_return.png[39m[0m
[  47% ] [90m[1m_update_scan_actions[22m | four_1600_fourth_summary.png[39m[0m
[  47% ] [90m[1m_update_scan_actions[22m | four_1600_pawn_receipt.png[39m[0m
[  48% ] [90m[1m_update_scan_actions[22m | notes-1280.png[39m[0m
[  48% ] [90m[1m_update_scan_actions[22m | notes-1600.png[39m[0m
[  48% ] [90m[1m_update_scan_actions[22m | notes-after-scan-1280.png[39m[0m
[  48% ] [90m[1m_update_scan_actions[22m | 1280_business_death.png[39m[0m
[  48% ] [90m[1m_update_scan_actions[22m | 1280_business_warning.png[39m[0m
[  48% ] [90m[1m_update_scan_actions[22m | 1280_lamp_0.png[39m[0m
[  49% ] [90m[1m_update_scan_actions[22m | 1280_lamp_1.png[39m[0m
[  49% ] [90m[1m_update_scan_actions[22m | 1280_lamp_2.png[39m[0m
[  49% ] [90m[1m_update_scan_actions[22m | 1280_lamp_3.png[39m[0m
[  49% ] [90m[1m_update_scan_actions[22m | 1280_lamp_4.png[39m[0m
[  49% ] [90m[1m_update_scan_actions[22m | 1280_lamp_hover.png[39m[0m
[  49% ] [90m[1m_update_scan_actions[22m | 1280_lamp_inspect.png[39m[0m
[  50% ] [90m[1m_update_scan_actions[22m | 1280_lamp_out.png[39m[0m
[  50% ] [90m[1m_update_scan_actions[22m | 1280_motion_0.png[39m[0m
[  50% ] [90m[1m_update_scan_actions[22m | 1280_motion_1.png[39m[0m
[  50% ] [90m[1m_update_scan_actions[22m | 1280_motion_2.png[39m[0m
[  50% ] [90m[1m_update_scan_actions[22m | 1280_motion_3.png[39m[0m
[  50% ] [90m[1m_update_scan_actions[22m | 1280_motion_4.png[39m[0m
[  50% ] [90m[1m_update_scan_actions[22m | 1280_normal.png[39m[0m
[  51% ] [90m[1m_update_scan_actions[22m | 1280_no_photo.png[39m[0m
[  51% ] [90m[1m_update_scan_actions[22m | 1280_observe_0.png[39m[0m
[  51% ] [90m[1m_update_scan_actions[22m | 1280_observe_1.png[39m[0m
[  51% ] [90m[1m_update_scan_actions[22m | 1280_observe_2.png[39m[0m
[  51% ] [90m[1m_update_scan_actions[22m | 1280_observe_3.png[39m[0m
[  51% ] [90m[1m_update_scan_actions[22m | 1280_relax_sleep.png[39m[0m
[  52% ] [90m[1m_update_scan_actions[22m | 1600_lamp_0.png[39m[0m
[  52% ] [90m[1m_update_scan_actions[22m | 1600_lamp_1.png[39m[0m
[  52% ] [90m[1m_update_scan_actions[22m | 1600_lamp_2.png[39m[0m
[  52% ] [90m[1m_update_scan_actions[22m | 1600_lamp_3.png[39m[0m
[  52% ] [90m[1m_update_scan_actions[22m | 1600_lamp_4.png[39m[0m
[  52% ] [90m[1m_update_scan_actions[22m | 1600_lamp_hover.png[39m[0m
[  52% ] [90m[1m_update_scan_actions[22m | 1600_lamp_inspect.png[39m[0m
[  53% ] [90m[1m_update_scan_actions[22m | 1600_lamp_out.png[39m[0m
[  53% ] [90m[1m_update_scan_actions[22m | 1600_motion_0.png[39m[0m
[  53% ] [90m[1m_update_scan_actions[22m | 1600_motion_1.png[39m[0m
[  53% ] [90m[1m_update_scan_actions[22m | 1600_motion_2.png[39m[0m
[  53% ] [90m[1m_update_scan_actions[22m | 1600_motion_3.png[39m[0m
[  53% ] [90m[1m_update_scan_actions[22m | 1600_motion_4.png[39m[0m
[  54% ] [90m[1m_update_scan_actions[22m | 1600_normal.png[39m[0m
[  54% ] [90m[1m_update_scan_actions[22m | 1600_no_photo.png[39m[0m
[  54% ] [90m[1m_update_scan_actions[22m | 1600_observe_0.png[39m[0m
[  54% ] [90m[1m_update_scan_actions[22m | 1600_observe_1.png[39m[0m
[  54% ] [90m[1m_update_scan_actions[22m | 1600_observe_2.png[39m[0m
[  54% ] [90m[1m_update_scan_actions[22m | 1600_observe_3.png[39m[0m
[  55% ] [90m[1m_update_scan_actions[22m | 1600_relax_sleep.png[39m[0m
[  55% ] [90m[1m_update_scan_actions[22m | lamp-comparison.png[39m[0m
[  55% ] [90m[1m_update_scan_actions[22m | living_1280_00_item_notes.png[39m[0m
[  55% ] [90m[1m_update_scan_actions[22m | living_1280_01_no_inspection.png[39m[0m
[  55% ] [90m[1m_update_scan_actions[22m | living_1280_02_ghost_reflection.png[39m[0m
[  55% ] [90m[1m_update_scan_actions[22m | living_1280_02_item_notes_after_scan.png[39m[0m
[  55% ] [90m[1m_update_scan_actions[22m | living_1280_03_inspection_departure.png[39m[0m
[  56% ] [90m[1m_update_scan_actions[22m | living_1280_04_swap_offer.png[39m[0m
[  56% ] [90m[1m_update_scan_actions[22m | living_1280_05_swap_receipt.png[39m[0m
[  56% ] [90m[1m_update_scan_actions[22m | living_1280_06_replaced_ticket.png[39m[0m
[  56% ] [90m[1m_update_scan_actions[22m | living_1280_07_living_return.png[39m[0m
[  56% ] [90m[1m_update_scan_actions[22m | living_1280_08_substitute_delivery.png[39m[0m
[  56% ] [90m[1m_update_scan_actions[22m | living_1280_09_death_notice.png[39m[0m
[  57% ] [90m[1m_update_scan_actions[22m | living_1600_00_item_notes.png[39m[0m
[  57% ] [90m[1m_update_scan_actions[22m | living_1600_01_no_inspection.png[39m[0m
[  57% ] [90m[1m_update_scan_actions[22m | living_1600_02_ghost_reflection.png[39m[0m
[  57% ] [90m[1m_update_scan_actions[22m | living_1600_02_item_notes_after_scan.png[39m[0m
[  57% ] [90m[1m_update_scan_actions[22m | living_1600_03_inspection_departure.png[39m[0m
[  57% ] [90m[1m_update_scan_actions[22m | living_1600_04_swap_offer.png[39m[0m
[  57% ] [90m[1m_update_scan_actions[22m | living_1600_05_swap_receipt.png[39m[0m
[  58% ] [90m[1m_update_scan_actions[22m | living_1600_06_replaced_ticket.png[39m[0m
[  58% ] [90m[1m_update_scan_actions[22m | living_1600_07_living_return.png[39m[0m
[  58% ] [90m[1m_update_scan_actions[22m | living_1600_08_substitute_delivery.png[39m[0m
[  58% ] [90m[1m_update_scan_actions[22m | living_1600_09_death_notice.png[39m[0m
[  58% ] [90m[1m_update_scan_actions[22m | 1280-acknowledged-hidden.png[39m[0m
[  58% ] [90m[1m_update_scan_actions[22m | 1280-acknowledged-illustration.png[39m[0m
[  59% ] [90m[1m_update_scan_actions[22m | 1280-acknowledged-intervention.png[39m[0m
[  59% ] [90m[1m_update_scan_actions[22m | 1280-acknowledged-inventory.png[39m[0m
[  59% ] [90m[1m_update_scan_actions[22m | 1280-acknowledged-journal.png[39m[0m
[  59% ] [90m[1m_update_scan_actions[22m | 1280-acknowledged-last-line.png[39m[0m
[  59% ] [90m[1m_update_scan_actions[22m | 1280-acknowledged-response.png[39m[0m
[  59% ] [90m[1m_update_scan_actions[22m | 1280-acknowledged-result.png[39m[0m
[  60% ] [90m[1m_update_scan_actions[22m | 1280-acknowledged-reunion.png[39m[0m
[  60% ] [90m[1m_update_scan_actions[22m | 1280-disappointed-hidden.png[39m[0m
[  60% ] [90m[1m_update_scan_actions[22m | 1280-disappointed-illustration.png[39m[0m
[  60% ] [90m[1m_update_scan_actions[22m | 1280-disappointed-intervention.png[39m[0m
[  60% ] [90m[1m_update_scan_actions[22m | 1280-disappointed-inventory.png[39m[0m
[  60% ] [90m[1m_update_scan_actions[22m | 1280-disappointed-journal.png[39m[0m
[  60% ] [90m[1m_update_scan_actions[22m | 1280-disappointed-last-line.png[39m[0m
[  61% ] [90m[1m_update_scan_actions[22m | 1280-disappointed-response.png[39m[0m
[  61% ] [90m[1m_update_scan_actions[22m | 1280-disappointed-result.png[39m[0m
[  61% ] [90m[1m_update_scan_actions[22m | 1280-disappointed-reunion.png[39m[0m
[  61% ] [90m[1m_update_scan_actions[22m | 1280-husband-counter.png[39m[0m
[  61% ] [90m[1m_update_scan_actions[22m | 1280-released-hidden.png[39m[0m
[  61% ] [90m[1m_update_scan_actions[22m | 1280-released-illustration.png[39m[0m
[  62% ] [90m[1m_update_scan_actions[22m | 1280-released-intervention.png[39m[0m
[  62% ] [90m[1m_update_scan_actions[22m | 1280-released-inventory.png[39m[0m
[  62% ] [90m[1m_update_scan_actions[22m | 1280-released-journal.png[39m[0m
[  62% ] [90m[1m_update_scan_actions[22m | 1280-released-last-line.png[39m[0m
[  62% ] [90m[1m_update_scan_actions[22m | 1280-released-response.png[39m[0m
[  62% ] [90m[1m_update_scan_actions[22m | 1280-released-result.png[39m[0m
[  62% ] [90m[1m_update_scan_actions[22m | 1280-released-reunion.png[39m[0m
[  63% ] [90m[1m_update_scan_actions[22m | 1280-resentment-hidden.png[39m[0m
[  63% ] [90m[1m_update_scan_actions[22m | 1280-resentment-illustration.png[39m[0m
[  63% ] [90m[1m_update_scan_actions[22m | 1280-resentment-intervention.png[39m[0m
[  63% ] [90m[1m_update_scan_actions[22m | 1280-resentment-inventory.png[39m[0m
[  63% ] [90m[1m_update_scan_actions[22m | 1280-resentment-journal.png[39m[0m
[  63% ] [90m[1m_update_scan_actions[22m | 1280-resentment-last-line.png[39m[0m
[  64% ] [90m[1m_update_scan_actions[22m | 1280-resentment-response.png[39m[0m
[  64% ] [90m[1m_update_scan_actions[22m | 1280-resentment-result.png[39m[0m
[  64% ] [90m[1m_update_scan_actions[22m | 1280-resentment-reunion.png[39m[0m
[  64% ] [90m[1m_update_scan_actions[22m | 1600-acknowledged-hidden.png[39m[0m
[  64% ] [90m[1m_update_scan_actions[22m | 1600-acknowledged-illustration.png[39m[0m
[  64% ] [90m[1m_update_scan_actions[22m | 1600-acknowledged-intervention.png[39m[0m
[  65% ] [90m[1m_update_scan_actions[22m | 1600-acknowledged-inventory.png[39m[0m
[  65% ] [90m[1m_update_scan_actions[22m | 1600-acknowledged-journal.png[39m[0m
[  65% ] [90m[1m_update_scan_actions[22m | 1600-acknowledged-last-line.png[39m[0m
[  65% ] [90m[1m_update_scan_actions[22m | 1600-acknowledged-response.png[39m[0m
[  65% ] [90m[1m_update_scan_actions[22m | 1600-acknowledged-result.png[39m[0m
[  65% ] [90m[1m_update_scan_actions[22m | 1600-acknowledged-reunion.png[39m[0m
[  65% ] [90m[1m_update_scan_actions[22m | 1600-disappointed-hidden.png[39m[0m
[  66% ] [90m[1m_update_scan_actions[22m | 1600-disappointed-illustration.png[39m[0m
[  66% ] [90m[1m_update_scan_actions[22m | 1600-disappointed-intervention.png[39m[0m
[  66% ] [90m[1m_update_scan_actions[22m | 1600-disappointed-inventory.png[39m[0m
[  66% ] [90m[1m_update_scan_actions[22m | 1600-disappointed-journal.png[39m[0m
[  66% ] [90m[1m_update_scan_actions[22m | 1600-disappointed-last-line.png[39m[0m
[  66% ] [90m[1m_update_scan_actions[22m | 1600-disappointed-response.png[39m[0m
[  67% ] [90m[1m_update_scan_actions[22m | 1600-disappointed-result.png[39m[0m
[  67% ] [90m[1m_update_scan_actions[22m | 1600-disappointed-reunion.png[39m[0m
[  67% ] [90m[1m_update_scan_actions[22m | 1600-husband-counter.png[39m[0m
[  67% ] [90m[1m_update_scan_actions[22m | 1600-released-hidden.png[39m[0m
[  67% ] [90m[1m_update_scan_actions[22m | 1600-released-illustration.png[39m[0m
[  67% ] [90m[1m_update_scan_actions[22m | 1600-released-intervention.png[39m[0m
[  67% ] [90m[1m_update_scan_actions[22m | 1600-released-inventory.png[39m[0m
[  68% ] [90m[1m_update_scan_actions[22m | 1600-released-journal.png[39m[0m
[  68% ] [90m[1m_update_scan_actions[22m | 1600-released-last-line.png[39m[0m
[  68% ] [90m[1m_update_scan_actions[22m | 1600-released-response.png[39m[0m
[  68% ] [90m[1m_update_scan_actions[22m | 1600-released-result.png[39m[0m
[  68% ] [90m[1m_update_scan_actions[22m | 1600-released-reunion.png[39m[0m
[  68% ] [90m[1m_update_scan_actions[22m | 1600-resentment-hidden.png[39m[0m
[  69% ] [90m[1m_update_scan_actions[22m | 1600-resentment-illustration.png[39m[0m
[  69% ] [90m[1m_update_scan_actions[22m | 1600-resentment-intervention.png[39m[0m
[  69% ] [90m[1m_update_scan_actions[22m | 1600-resentment-inventory.png[39m[0m
[  69% ] [90m[1m_update_scan_actions[22m | 1600-resentment-journal.png[39m[0m
[  69% ] [90m[1m_update_scan_actions[22m | 1600-resentment-last-line.png[39m[0m
[  69% ] [90m[1m_update_scan_actions[22m | 1600-resentment-response.png[39m[0m
[  70% ] [90m[1m_update_scan_actions[22m | 1600-resentment-result.png[39m[0m
[  70% ] [90m[1m_update_scan_actions[22m | 1600-resentment-reunion.png[39m[0m
[  70% ] [90m[1m_update_scan_actions[22m | 1280-arrival.png[39m[0m
[  70% ] [90m[1m_update_scan_actions[22m | 1280-collapsed.png[39m[0m
[  70% ] [90m[1m_update_scan_actions[22m | 1280-direction.png[39m[0m
[  70% ] [90m[1m_update_scan_actions[22m | 1280-guidance.png[39m[0m
[  70% ] [90m[1m_update_scan_actions[22m | 1280-request.png[39m[0m
[  71% ] [90m[1m_update_scan_actions[22m | 1280-retry.png[39m[0m
[  71% ] [90m[1m_update_scan_actions[22m | 1280-sorrow.png[39m[0m
[  71% ] [90m[1m_update_scan_actions[22m | 1280-wife.png[39m[0m
[  71% ] [90m[1m_update_scan_actions[22m | 1600-arrival.png[39m[0m
[  71% ] [90m[1m_update_scan_actions[22m | 1600-collapsed.png[39m[0m
[  71% ] [90m[1m_update_scan_actions[22m | 1600-direction.png[39m[0m
[  72% ] [90m[1m_update_scan_actions[22m | 1600-guidance.png[39m[0m
[  72% ] [90m[1m_update_scan_actions[22m | 1600-request.png[39m[0m
[  72% ] [90m[1m_update_scan_actions[22m | 1600-retry.png[39m[0m
[  72% ] [90m[1m_update_scan_actions[22m | 1600-sorrow.png[39m[0m
[  72% ] [90m[1m_update_scan_actions[22m | 1600-wife.png[39m[0m
[  72% ] [90m[1m_update_scan_actions[22m | 1280-acknowledged-hidden.png[39m[0m
[  72% ] [90m[1m_update_scan_actions[22m | 1280-acknowledged-illustration.png[39m[0m
[  73% ] [90m[1m_update_scan_actions[22m | 1280-acknowledged-intervention.png[39m[0m
[  73% ] [90m[1m_update_scan_actions[22m | 1280-acknowledged-inventory.png[39m[0m
[  73% ] [90m[1m_update_scan_actions[22m | 1280-acknowledged-journal.png[39m[0m
[  73% ] [90m[1m_update_scan_actions[22m | 1280-acknowledged-last-line.png[39m[0m
[  73% ] [90m[1m_update_scan_actions[22m | 1280-acknowledged-response.png[39m[0m
[  73% ] [90m[1m_update_scan_actions[22m | 1280-acknowledged-result.png[39m[0m
[  74% ] [90m[1m_update_scan_actions[22m | 1280-acknowledged-reunion.png[39m[0m
[  74% ] [90m[1m_update_scan_actions[22m | 1280-disappointed-hidden.png[39m[0m
[  74% ] [90m[1m_update_scan_actions[22m | 1280-disappointed-illustration.png[39m[0m
[  74% ] [90m[1m_update_scan_actions[22m | 1280-disappointed-intervention.png[39m[0m
[  74% ] [90m[1m_update_scan_actions[22m | 1280-disappointed-inventory.png[39m[0m
[  74% ] [90m[1m_update_scan_actions[22m | 1280-disappointed-journal.png[39m[0m
[  75% ] [90m[1m_update_scan_actions[22m | 1280-disappointed-last-line.png[39m[0m
[  75% ] [90m[1m_update_scan_actions[22m | 1280-disappointed-response.png[39m[0m
[  75% ] [90m[1m_update_scan_actions[22m | 1280-disappointed-result.png[39m[0m
[  75% ] [90m[1m_update_scan_actions[22m | 1280-disappointed-reunion.png[39m[0m
[  75% ] [90m[1m_update_scan_actions[22m | 1280-husband-counter.png[39m[0m
[  75% ] [90m[1m_update_scan_actions[22m | 1280-released-hidden.png[39m[0m
[  75% ] [90m[1m_update_scan_actions[22m | 1280-released-illustration.png[39m[0m
[  76% ] [90m[1m_update_scan_actions[22m | 1280-released-intervention.png[39m[0m
[  76% ] [90m[1m_update_scan_actions[22m | 1280-released-inventory.png[39m[0m
[  76% ] [90m[1m_update_scan_actions[22m | 1280-released-journal.png[39m[0m
[  76% ] [90m[1m_update_scan_actions[22m | 1280-released-last-line.png[39m[0m
[  76% ] [90m[1m_update_scan_actions[22m | 1280-released-response.png[39m[0m
[  76% ] [90m[1m_update_scan_actions[22m | 1280-released-result.png[39m[0m
[  77% ] [90m[1m_update_scan_actions[22m | 1280-released-reunion.png[39m[0m
[  77% ] [90m[1m_update_scan_actions[22m | 1280-resentment-hidden.png[39m[0m
[  77% ] [90m[1m_update_scan_actions[22m | 1280-resentment-illustration.png[39m[0m
[  77% ] [90m[1m_update_scan_actions[22m | 1280-resentment-intervention.png[39m[0m
[  77% ] [90m[1m_update_scan_actions[22m | 1280-resentment-inventory.png[39m[0m
[  77% ] [90m[1m_update_scan_actions[22m | 1280-resentment-journal.png[39m[0m
[  77% ] [90m[1m_update_scan_actions[22m | 1280-resentment-last-line.png[39m[0m
[  78% ] [90m[1m_update_scan_actions[22m | 1280-resentment-response.png[39m[0m
[  78% ] [90m[1m_update_scan_actions[22m | 1280-resentment-result.png[39m[0m
[  78% ] [90m[1m_update_scan_actions[22m | 1280-resentment-reunion.png[39m[0m
[  78% ] [90m[1m_update_scan_actions[22m | 1280-door.png[39m[0m
[  78% ] [90m[1m_update_scan_actions[22m | 1280-fade.png[39m[0m
[  78% ] [90m[1m_update_scan_actions[22m | 1280-guidance.png[39m[0m
[  79% ] [90m[1m_update_scan_actions[22m | 1280-morning.png[39m[0m
[  79% ] [90m[1m_update_scan_actions[22m | 1280-request.png[39m[0m
[  79% ] [90m[1m_update_scan_actions[22m | 1280-retry.png[39m[0m
[  79% ] [90m[1m_update_scan_actions[22m | 1280-sorrow.png[39m[0m
[  79% ] [90m[1m_update_scan_actions[22m | 1280-wife.png[39m[0m
[  79% ] [90m[1m_update_scan_actions[22m | 1600-door.png[39m[0m
[  80% ] [90m[1m_update_scan_actions[22m | 1600-fade.png[39m[0m
[  80% ] [90m[1m_update_scan_actions[22m | 1600-guidance.png[39m[0m
[  80% ] [90m[1m_update_scan_actions[22m | 1600-morning.png[39m[0m
[  80% ] [90m[1m_update_scan_actions[22m | 1600-request.png[39m[0m
[  80% ] [90m[1m_update_scan_actions[22m | 1600-retry.png[39m[0m
[  80% ] [90m[1m_update_scan_actions[22m | 1600-sorrow.png[39m[0m
[  80% ] [90m[1m_update_scan_actions[22m | 1600-wife.png[39m[0m
[  81% ] [90m[1m_update_scan_actions[22m | mirror-journal-1280-answer.png[39m[0m
[  81% ] [90m[1m_update_scan_actions[22m | mirror-journal-1280-clues.png[39m[0m
[  81% ] [90m[1m_update_scan_actions[22m | mirror-journal-1600-answer.png[39m[0m
[  81% ] [90m[1m_update_scan_actions[22m | mirror-journal-1600-clues.png[39m[0m
[  81% ] [90m[1m_update_scan_actions[22m | mirror-journal-1600-memories.png[39m[0m
[  81% ] [90m[1m_update_scan_actions[22m | 1280-acknowledged-hidden.png[39m[0m
[  82% ] [90m[1m_update_scan_actions[22m | 1280-acknowledged-illustration.png[39m[0m
[  82% ] [90m[1m_update_scan_actions[22m | 1280-acknowledged-intervention.png[39m[0m
[  82% ] [90m[1m_update_scan_actions[22m | 1280-acknowledged-inventory.png[39m[0m
[  82% ] [90m[1m_update_scan_actions[22m | 1280-acknowledged-journal.png[39m[0m
[  82% ] [90m[1m_update_scan_actions[22m | 1280-acknowledged-last-line.png[39m[0m
[  82% ] [90m[1m_update_scan_actions[22m | 1280-acknowledged-response.png[39m[0m
[  82% ] [90m[1m_update_scan_actions[22m | 1280-acknowledged-result.png[39m[0m
[  83% ] [90m[1m_update_scan_actions[22m | 1280-acknowledged-reunion.png[39m[0m
[  83% ] [90m[1m_update_scan_actions[22m | 1280-disappointed-hidden.png[39m[0m
[  83% ] [90m[1m_update_scan_actions[22m | 1280-disappointed-illustration.png[39m[0m
[  83% ] [90m[1m_update_scan_actions[22m | 1280-disappointed-intervention.png[39m[0m
[  83% ] [90m[1m_update_scan_actions[22m | 1280-disappointed-inventory.png[39m[0m
[  83% ] [90m[1m_update_scan_actions[22m | 1280-disappointed-journal.png[39m[0m
[  84% ] [90m[1m_update_scan_actions[22m | 1280-disappointed-last-line.png[39m[0m
[  84% ] [90m[1m_update_scan_actions[22m | 1280-disappointed-response.png[39m[0m
[  84% ] [90m[1m_update_scan_actions[22m | 1280-disappointed-result.png[39m[0m
[  84% ] [90m[1m_update_scan_actions[22m | 1280-disappointed-reunion.png[39m[0m
[  84% ] [90m[1m_update_scan_actions[22m | 1280-husband-counter.png[39m[0m
[  84% ] [90m[1m_update_scan_actions[22m | 1280-released-hidden.png[39m[0m
[  85% ] [90m[1m_update_scan_actions[22m | 1280-released-illustration.png[39m[0m
[  85% ] [90m[1m_update_scan_actions[22m | 1280-released-intervention.png[39m[0m
[  85% ] [90m[1m_update_scan_actions[22m | 1280-released-inventory.png[39m[0m
[  85% ] [90m[1m_update_scan_actions[22m | 1280-released-journal.png[39m[0m
[  85% ] [90m[1m_update_scan_actions[22m | 1280-released-last-line.png[39m[0m
[  85% ] [90m[1m_update_scan_actions[22m | 1280-released-response.png[39m[0m
[  85% ] [90m[1m_update_scan_actions[22m | 1280-released-result.png[39m[0m
[  86% ] [90m[1m_update_scan_actions[22m | 1280-released-reunion.png[39m[0m
[  86% ] [90m[1m_update_scan_actions[22m | 1280-resentment-hidden.png[39m[0m
[  86% ] [90m[1m_update_scan_actions[22m | 1280-resentment-illustration.png[39m[0m
[  86% ] [90m[1m_update_scan_actions[22m | 1280-resentment-intervention.png[39m[0m
[  86% ] [90m[1m_update_scan_actions[22m | 1280-resentment-inventory.png[39m[0m
[  86% ] [90m[1m_update_scan_actions[22m | 1280-resentment-journal.png[39m[0m
[  87% ] [90m[1m_update_scan_actions[22m | 1280-resentment-last-line.png[39m[0m
[  87% ] [90m[1m_update_scan_actions[22m | 1280-resentment-response.png[39m[0m
[  87% ] [90m[1m_update_scan_actions[22m | 1280-resentment-result.png[39m[0m
[  87% ] [90m[1m_update_scan_actions[22m | 1280-resentment-reunion.png[39m[0m
[  87% ] [90m[1m_update_scan_actions[22m | 1600-acknowledged-hidden.png[39m[0m
[  87% ] [90m[1m_update_scan_actions[22m | 1600-acknowledged-illustration.png[39m[0m
[  87% ] [90m[1m_update_scan_actions[22m | 1600-acknowledged-intervention.png[39m[0m
[  88% ] [90m[1m_update_scan_actions[22m | 1600-acknowledged-inventory.png[39m[0m
[  88% ] [90m[1m_update_scan_actions[22m | 1600-acknowledged-journal.png[39m[0m
[  88% ] [90m[1m_update_scan_actions[22m | 1600-acknowledged-last-line.png[39m[0m
[  88% ] [90m[1m_update_scan_actions[22m | 1600-acknowledged-response.png[39m[0m
[  88% ] [90m[1m_update_scan_actions[22m | 1600-acknowledged-result.png[39m[0m
[  88% ] [90m[1m_update_scan_actions[22m | 1600-acknowledged-reunion.png[39m[0m
[  89% ] [90m[1m_update_scan_actions[22m | 1600-disappointed-hidden.png[39m[0m
[  89% ] [90m[1m_update_scan_actions[22m | 1600-disappointed-illustration.png[39m[0m
[  89% ] [90m[1m_update_scan_actions[22m | 1600-disappointed-intervention.png[39m[0m
[  89% ] [90m[1m_update_scan_actions[22m | 1600-disappointed-inventory.png[39m[0m
[  89% ] [90m[1m_update_scan_actions[22m | 1600-disappointed-journal.png[39m[0m
[  89% ] [90m[1m_update_scan_actions[22m | 1600-disappointed-last-line.png[39m[0m
[  90% ] [90m[1m_update_scan_actions[22m | 1600-disappointed-response.png[39m[0m
[  90% ] [90m[1m_update_scan_actions[22m | 1600-disappointed-result.png[39m[0m
[  90% ] [90m[1m_update_scan_actions[22m | 1600-disappointed-reunion.png[39m[0m
[  90% ] [90m[1m_update_scan_actions[22m | 1600-husband-counter.png[39m[0m
[  90% ] [90m[1m_update_scan_actions[22m | 1600-released-hidden.png[39m[0m
[  90% ] [90m[1m_update_scan_actions[22m | 1600-released-illustration.png[39m[0m
[  90% ] [90m[1m_update_scan_actions[22m | 1600-released-intervention.png[39m[0m
[  91% ] [90m[1m_update_scan_actions[22m | 1600-released-inventory.png[39m[0m
[  91% ] [90m[1m_update_scan_actions[22m | 1600-released-journal.png[39m[0m
[  91% ] [90m[1m_update_scan_actions[22m | 1600-released-last-line.png[39m[0m
[  91% ] [90m[1m_update_scan_actions[22m | 1600-released-response.png[39m[0m
[  91% ] [90m[1m_update_scan_actions[22m | 1600-released-result.png[39m[0m
[  91% ] [90m[1m_update_scan_actions[22m | 1600-released-reunion.png[39m[0m
[  92% ] [90m[1m_update_scan_actions[22m | 1600-resentment-hidden.png[39m[0m
[  92% ] [90m[1m_update_scan_actions[22m | 1600-resentment-illustration.png[39m[0m
[  92% ] [90m[1m_update_scan_actions[22m | 1600-resentment-intervention.png[39m[0m
[  92% ] [90m[1m_update_scan_actions[22m | 1600-resentment-inventory.png[39m[0m
[  92% ] [90m[1m_update_scan_actions[22m | 1600-resentment-journal.png[39m[0m
[  92% ] [90m[1m_update_scan_actions[22m | 1600-resentment-last-line.png[39m[0m
[  92% ] [90m[1m_update_scan_actions[22m | 1600-resentment-response.png[39m[0m
[  93% ] [90m[1m_update_scan_actions[22m | 1600-resentment-result.png[39m[0m
[  93% ] [90m[1m_update_scan_actions[22m | 1600-resentment-reunion.png[39m[0m
[  93% ] [90m[1m_update_scan_actions[22m | latest-first-1600.png[39m[0m
[  93% ] [90m[1m_update_scan_actions[22m | modal-1280.png[39m[0m
[  93% ] [90m[1m_update_scan_actions[22m | reaction-1280.png[39m[0m
[  93% ] [90m[1m_update_scan_actions[22m | lighting_1280_menu.png[39m[0m
[  94% ] [90m[1m_update_scan_actions[22m | lighting_1600_175.png[39m[0m
[  94% ] [90m[1m_update_scan_actions[22m | lighting_1600_180.png[39m[0m
[  94% ] [90m[1m_update_scan_actions[22m | lighting_1600_360.png[39m[0m
[  94% ] [90m[1m_update_scan_actions[22m | lighting_1600_480.png[39m[0m
[  94% ] [90m[1m_update_scan_actions[22m | lighting_1600_appraisal.png[39m[0m
[  94% ] [90m[1m_update_scan_actions[22m | night_1600_wet_cloth.png[39m[0m
[  95% ] [90m[1m_update_scan_actions[22m | night_1280_one_quote.png[39m[0m
[  95% ] [90m[1m_update_scan_actions[22m | night_1280_wet_cloth.png[39m[0m
[  95% ] [90m[1m_update_scan_actions[22m | night_1280_wet_receipt.png[39m[0m
[  95% ] [90m[1m_update_scan_actions[22m | night_1600_blue_lamp.png[39m[0m
[  95% ] [90m[1m_update_scan_actions[22m | night_1600_wet_cloth.png[39m[0m
[  95% ] [90m[1m_update_scan_actions[22m | preparation-hover-1280.png[39m[0m
[  95% ] [90m[1m_update_scan_actions[22m | preparation-ledger-1600.png[39m[0m
[  96% ] [90m[1m_update_scan_actions[22m | quote_deadline_1280_refused.png[39m[0m
[  96% ] [90m[1m_update_scan_actions[22m | quote_deadline_1600_accepted.png[39m[0m
[  96% ] [90m[1m_update_scan_actions[22m | quote_deadline_1600_refused_details.png[39m[0m
[  96% ] [90m[1m_update_scan_actions[22m | receipt_consistency_1280_01_first_sale.png[39m[0m
[  96% ] [90m[1m_update_scan_actions[22m | receipt_consistency_1280_02_fourth_night_teapot.png[39m[0m
[  96% ] [90m[1m_update_scan_actions[22m | receipt_consistency_1600_02_fourth_night_teapot.png[39m[0m
[  97% ] [90m[1m_update_scan_actions[22m | bench-1280.png[39m[0m
[  97% ] [90m[1m_update_scan_actions[22m | comparison-1600.png[39m[0m
[  97% ] [90m[1m_update_scan_actions[22m | self-claim-1280.png[39m[0m
[  97% ] [90m[1m_update_scan_actions[22m | growth_1280_02_built.png[39m[0m
[  97% ] [90m[1m_update_scan_actions[22m | growth_1280_05_compartment.png[39m[0m
[  97% ] [90m[1m_update_scan_actions[22m | growth_1280_06_buyer_offer.png[39m[0m
[  97% ] [90m[1m_update_scan_actions[22m | growth_1600_06_buyer_offer.png[39m[0m
[  98% ] [90m[1m_update_scan_actions[22m | growth_1600_08_receipt.png[39m[0m
[  98% ] [90m[1m_update_scan_actions[22m | counter-1600.png[39m[0m
[  98% ] [90m[1m_update_scan_actions[22m | room-1280.png[39m[0m
[  98% ] [90m[1m_update_scan_actions[22m | room-1600.png[39m[0m
[  98% ] [90m[1m_update_scan_actions[22m | approved-reference.png[39m[0m
[  98% ] [90m[1m_update_scan_actions[22m | comparison-controls.png[39m[0m
[  99% ] [90m[1m_update_scan_actions[22m | comparison-full.png[39m[0m
[  99% ] [90m[1m_update_scan_actions[22m | shop_hud_1280_01_counter.png[39m[0m
[  99% ] [90m[1m_update_scan_actions[22m | shop_hud_1280_02_menu.png[39m[0m
[  99% ] [90m[1m_update_scan_actions[22m | shop_hud_1600_01_counter.png[39m[0m
[  99% ] [90m[1m_update_scan_actions[22m | shop_hud_1600_02_menu.png[39m[0m
[92m[ DONE ][39m [1m_update_scan_actions[22m
[0m
[   0% ] [90m[1mreimport[22m | Started 正在导入或重新导入资产 (639 steps)[39m[0m
[   0% ] [90m[1mreimport[22m | 正在准备重新导入文件……[39m[0m
[   0% ] [90m[1mreimport[22m | 正在准备重新导入文件……[39m[0m
[   0% ] [90m[1mreimport[22m | 正在准备重新导入文件……[39m[0m
[   0% ] [90m[1mreimport[22m | 正在准备重新导入文件……[39m[0m
[   0% ] [90m[1mreimport[22m | 正在准备重新导入文件……[39m[0m
[   0% ] [90m[1mreimport[22m | 正在准备重新导入文件……[39m[0m
[   0% ] [90m[1mreimport[22m | 正在准备重新导入文件……[39m[0m
[   1% ] [90m[1mreimport[22m | 正在准备重新导入文件……[39m[0m
[   1% ] [90m[1mreimport[22m | 正在准备重新导入文件……[39m[0m
[   1% ] [90m[1mreimport[22m | 正在准备重新导入文件……[39m[0m
[   1% ] [90m[1mreimport[22m | 正在准备重新导入文件……[39m[0m
[   1% ] [90m[1mreimport[22m | 正在准备重新导入文件……[39m[0m
[   1% ] [90m[1mreimport[22m | 正在准备重新导入文件……[39m[0m
[   2% ] [90m[1mreimport[22m | 正在准备重新导入文件……[39m[0m
[   2% ] [90m[1mreimport[22m | 正在准备重新导入文件……[39m[0m
[   2% ] [90m[1mreimport[22m | 正在准备重新导入文件……[39m[0m
[   2% ] [90m[1mreimport[22m | 正在准备重新导入文件……[39m[0m
[   2% ] [90m[1mreimport[22m | 正在准备重新导入文件……[39m[0m
[   2% ] [90m[1mreimport[22m | 正在准备重新导入文件……[39m[0m
[   2% ] [90m[1mreimport[22m | 正在准备重新导入文件……[39m[0m
[   3% ] [90m[1mreimport[22m | 正在准备重新导入文件……[39m[0m
[   3% ] [90m[1mreimport[22m | 正在准备重新导入文件……[39m[0m
[   3% ] [90m[1mreimport[22m | 正在准备重新导入文件……[39m[0m
[   3% ] [90m[1mreimport[22m | 正在准备重新导入文件……[39m[0m
[   3% ] [90m[1mreimport[22m | 正在准备重新导入文件……[39m[0m
[   3% ] [90m[1mreimport[22m | 正在准备重新导入文件……[39m[0m
[   4% ] [90m[1mreimport[22m | 正在准备重新导入文件……[39m[0m
[   4% ] [90m[1mreimport[22m | 正在准备重新导入文件……[39m[0m
[   4% ] [90m[1mreimport[22m | 正在准备重新导入文件……[39m[0m
[   4% ] [90m[1mreimport[22m | 正在准备重新导入文件……[39m[0m
[   4% ] [90m[1mreimport[22m | 正在准备重新导入文件……[39m[0m
[   4% ] [90m[1mreimport[22m | 正在准备重新导入文件……[39m[0m
[   5% ] [90m[1mreimport[22m | 正在准备重新导入文件……[39m[0m
[   5% ] [90m[1mreimport[22m | 正在准备重新导入文件……[39m[0m
[   5% ] [90m[1mreimport[22m | 正在准备重新导入文件……[39m[0m
[   5% ] [90m[1mreimport[22m | 正在准备重新导入文件……[39m[0m
[   5% ] [90m[1mreimport[22m | 正在准备重新导入文件……[39m[0m
[   5% ] [90m[1mreimport[22m | 正在准备重新导入文件……[39m[0m
[   5% ] [90m[1mreimport[22m | 正在准备重新导入文件……[39m[0m
[   6% ] [90m[1mreimport[22m | 正在准备重新导入文件……[39m[0m
[   6% ] [90m[1mreimport[22m | 正在准备重新导入文件……[39m[0m
[   6% ] [90m[1mreimport[22m | 正在准备重新导入文件……[39m[0m
[   6% ] [90m[1mreimport[22m | 正在准备重新导入文件……[39m[0m
[   6% ] [90m[1mreimport[22m | 正在准备重新导入文件……[39m[0m
[   6% ] [90m[1mreimport[22m | 正在准备重新导入文件……[39m[0m
[   7% ] [90m[1mreimport[22m | 正在准备重新导入文件……[39m[0m
[   7% ] [90m[1mreimport[22m | 正在准备重新导入文件……[39m[0m
[   7% ] [90m[1mreimport[22m | 正在准备重新导入文件……[39m[0m
[   7% ] [90m[1mreimport[22m | 正在准备重新导入文件……[39m[0m
[   7% ] [90m[1mreimport[22m | 正在准备重新导入文件……[39m[0m
[   7% ] [90m[1mreimport[22m | 正在准备重新导入文件……[39m[0m
[   7% ] [90m[1mreimport[22m | 正在准备重新导入文件……[39m[0m
[   8% ] [90m[1mreimport[22m | 正在准备重新导入文件……[39m[0m
[   8% ] [90m[1mreimport[22m | 正在准备重新导入文件……[39m[0m
[   8% ] [90m[1mreimport[22m | 正在准备重新导入文件……[39m[0m
[   8% ] [90m[1mreimport[22m | 正在准备重新导入文件……[39m[0m
[   8% ] [90m[1mreimport[22m | 正在准备重新导入文件……[39m[0m
[   8% ] [90m[1mreimport[22m | 正在准备重新导入文件……[39m[0m
[   9% ] [90m[1mreimport[22m | 正在准备重新导入文件……[39m[0m
[   9% ] [90m[1mreimport[22m | 正在准备重新导入文件……[39m[0m
[   9% ] [90m[1mreimport[22m | 正在准备重新导入文件……[39m[0m
[   9% ] [90m[1mreimport[22m | 正在准备重新导入文件……[39m[0m
[   9% ] [90m[1mreimport[22m | 正在准备重新导入文件……[39m[0m
[   9% ] [90m[1mreimport[22m | 正在准备重新导入文件……[39m[0m
[  10% ] [90m[1mreimport[22m | 正在准备重新导入文件……[39m[0m
[  10% ] [90m[1mreimport[22m | 正在准备重新导入文件……[39m[0m
[  10% ] [90m[1mreimport[22m | 正在准备重新导入文件……[39m[0m
[  10% ] [90m[1mreimport[22m | 正在准备重新导入文件……[39m[0m
[  10% ] [90m[1mreimport[22m | 正在准备重新导入文件……[39m[0m
[  10% ] [90m[1mreimport[22m | 正在准备重新导入文件……[39m[0m
[  10% ] [90m[1mreimport[22m | 正在准备重新导入文件……[39m[0m
[  11% ] [90m[1mreimport[22m | 正在准备重新导入文件……[39m[0m
[  11% ] [90m[1mreimport[22m | 正在准备重新导入文件……[39m[0m
[  11% ] [90m[1mreimport[22m | 正在准备重新导入文件……[39m[0m
[  11% ] [90m[1mreimport[22m | 正在准备重新导入文件……[39m[0m
[  11% ] [90m[1mreimport[22m | 正在准备重新导入文件……[39m[0m
[  11% ] [90m[1mreimport[22m | 正在准备重新导入文件……[39m[0m
[  12% ] [90m[1mreimport[22m | 正在准备重新导入文件……[39m[0m
[  12% ] [90m[1mreimport[22m | 正在准备重新导入文件……[39m[0m
[  12% ] [90m[1mreimport[22m | 正在准备重新导入文件……[39m[0m
[  12% ] [90m[1mreimport[22m | 正在准备重新导入文件……[39m[0m
[  12% ] [90m[1mreimport[22m | 正在准备重新导入文件……[39m[0m
[  12% ] [90m[1mreimport[22m | 正在准备重新导入文件……[39m[0m
[  12% ] [90m[1mreimport[22m | 正在准备重新导入文件……[39m[0m
[  13% ] [90m[1mreimport[22m | 正在准备重新导入文件……[39m[0m
[  13% ] [90m[1mreimport[22m | 正在准备重新导入文件……[39m[0m
[  13% ] [90m[1mreimport[22m | 正在准备重新导入文件……[39m[0m
[  13% ] [90m[1mreimport[22m | 正在准备重新导入文件……[39m[0m
[  13% ] [90m[1mreimport[22m | 正在准备重新导入文件……[39m[0m
[  13% ] [90m[1mreimport[22m | 正在准备重新导入文件……[39m[0m
[  14% ] [90m[1mreimport[22m | 正在准备重新导入文件……[39m[0m
[  14% ] [90m[1mreimport[22m | 正在准备重新导入文件……[39m[0m
[  14% ] [90m[1mreimport[22m | 正在准备重新导入文件……[39m[0m
[  14% ] [90m[1mreimport[22m | 正在准备重新导入文件……[39m[0m
[  14% ] [90m[1mreimport[22m | 正在准备重新导入文件……[39m[0m
[  14% ] [90m[1mreimport[22m | 正在准备重新导入文件……[39m[0m
[  15% ] [90m[1mreimport[22m | 正在准备重新导入文件……[39m[0m
[  15% ] [90m[1mreimport[22m | 正在准备重新导入文件……[39m[0m
[  15% ] [90m[1mreimport[22m | 正在准备重新导入文件……[39m[0m
[  15% ] [90m[1mreimport[22m | 正在准备重新导入文件……[39m[0m
[  15% ] [90m[1mreimport[22m | 正在准备重新导入文件……[39m[0m
[  15% ] [90m[1mreimport[22m | 正在准备重新导入文件……[39m[0m
[  15% ] [90m[1mreimport[22m | 正在准备重新导入文件……[39m[0m
[  16% ] [90m[1mreimport[22m | 正在准备重新导入文件……[39m[0m
[  16% ] [90m[1mreimport[22m | 正在准备重新导入文件……[39m[0m
[  16% ] [90m[1mreimport[22m | 正在准备重新导入文件……[39m[0m
[  16% ] [90m[1mreimport[22m | 正在准备重新导入文件……[39m[0m
[  16% ] [90m[1mreimport[22m | 正在准备重新导入文件……[39m[0m
[  16% ] [90m[1mreimport[22m | 正在准备重新导入文件……[39m[0m
[  17% ] [90m[1mreimport[22m | 正在准备重新导入文件……[39m[0m
[  17% ] [90m[1mreimport[22m | 正在准备重新导入文件……[39m[0m
[  17% ] [90m[1mreimport[22m | 正在准备重新导入文件……[39m[0m
[  17% ] [90m[1mreimport[22m | 正在准备重新导入文件……[39m[0m
[  17% ] [90m[1mreimport[22m | 正在准备重新导入文件……[39m[0m
[  17% ] [90m[1mreimport[22m | 正在准备重新导入文件……[39m[0m
[  17% ] [90m[1mreimport[22m | 正在准备重新导入文件……[39m[0m
[  18% ] [90m[1mreimport[22m | 正在准备重新导入文件……[39m[0m
[  18% ] [90m[1mreimport[22m | 正在准备重新导入文件……[39m[0m
[  18% ] [90m[1mreimport[22m | 正在准备重新导入文件……[39m[0m
[  18% ] [90m[1mreimport[22m | 正在准备重新导入文件……[39m[0m
[  18% ] [90m[1mreimport[22m | 正在准备重新导入文件……[39m[0m
[  18% ] [90m[1mreimport[22m | 正在准备重新导入文件……[39m[0m
[  19% ] [90m[1mreimport[22m | 正在准备重新导入文件……[39m[0m
[  19% ] [90m[1mreimport[22m | 正在准备重新导入文件……[39m[0m
[  19% ] [90m[1mreimport[22m | 正在准备重新导入文件……[39m[0m
[  19% ] [90m[1mreimport[22m | 正在准备重新导入文件……[39m[0m
[  19% ] [90m[1mreimport[22m | 正在准备重新导入文件……[39m[0m
[  19% ] [90m[1mreimport[22m | 正在准备重新导入文件……[39m[0m
[  20% ] [90m[1mreimport[22m | 正在准备重新导入文件……[39m[0m
[  20% ] [90m[1mreimport[22m | 正在准备重新导入文件……[39m[0m
[  20% ] [90m[1mreimport[22m | 正在准备重新导入文件……[39m[0m
[  20% ] [90m[1mreimport[22m | 正在准备重新导入文件……[39m[0m
[  20% ] [90m[1mreimport[22m | 正在准备重新导入文件……[39m[0m
[  20% ] [90m[1mreimport[22m | 正在准备重新导入文件……[39m[0m
[  20% ] [90m[1mreimport[22m | 正在准备重新导入文件……[39m[0m
[  21% ] [90m[1mreimport[22m | 正在准备重新导入文件……[39m[0m
[  21% ] [90m[1mreimport[22m | 正在准备重新导入文件……[39m[0m
[  21% ] [90m[1mreimport[22m | 正在准备重新导入文件……[39m[0m
[  21% ] [90m[1mreimport[22m | 正在准备重新导入文件……[39m[0m
[  21% ] [90m[1mreimport[22m | 正在准备重新导入文件……[39m[0m
[  21% ] [90m[1mreimport[22m | 正在准备重新导入文件……[39m[0m
[  22% ] [90m[1mreimport[22m | 正在准备重新导入文件……[39m[0m
[  22% ] [90m[1mreimport[22m | 正在准备重新导入文件……[39m[0m
[  22% ] [90m[1mreimport[22m | 正在准备重新导入文件……[39m[0m
[  22% ] [90m[1mreimport[22m | 正在准备重新导入文件……[39m[0m
[  22% ] [90m[1mreimport[22m | 正在准备重新导入文件……[39m[0m
[  22% ] [90m[1mreimport[22m | 正在准备重新导入文件……[39m[0m
[  22% ] [90m[1mreimport[22m | 正在准备重新导入文件……[39m[0m
[  23% ] [90m[1mreimport[22m | 正在准备重新导入文件……[39m[0m
[  23% ] [90m[1mreimport[22m | 正在准备重新导入文件……[39m[0m
[  23% ] [90m[1mreimport[22m | 正在准备重新导入文件……[39m[0m
[  23% ] [90m[1mreimport[22m | 正在准备重新导入文件……[39m[0m
[  23% ] [90m[1mreimport[22m | 正在准备重新导入文件……[39m[0m
[  23% ] [90m[1mreimport[22m | 正在准备重新导入文件……[39m[0m
[  24% ] [90m[1mreimport[22m | 正在准备重新导入文件……[39m[0m
[  24% ] [90m[1mreimport[22m | 正在准备重新导入文件……[39m[0m
[  24% ] [90m[1mreimport[22m | 正在准备重新导入文件……[39m[0m
[  24% ] [90m[1mreimport[22m | 正在准备重新导入文件……[39m[0m
[  24% ] [90m[1mreimport[22m | 正在准备重新导入文件……[39m[0m
[  24% ] [90m[1mreimport[22m | 正在准备重新导入文件……[39m[0m
[  25% ] [90m[1mreimport[22m | 正在准备重新导入文件……[39m[0m
[  25% ] [90m[1mreimport[22m | 正在准备重新导入文件……[39m[0m
[  25% ] [90m[1mreimport[22m | 正在准备重新导入文件……[39m[0m
[  25% ] [90m[1mreimport[22m | 正在准备重新导入文件……[39m[0m
[  25% ] [90m[1mreimport[22m | 正在准备重新导入文件……[39m[0m
[  25% ] [90m[1mreimport[22m | 正在准备重新导入文件……[39m[0m
[  25% ] [90m[1mreimport[22m | 正在准备重新导入文件……[39m[0m
[  26% ] [90m[1mreimport[22m | 正在准备重新导入文件……[39m[0m
[  26% ] [90m[1mreimport[22m | 正在准备重新导入文件……[39m[0m
[  26% ] [90m[1mreimport[22m | 正在准备重新导入文件……[39m[0m
[  26% ] [90m[1mreimport[22m | 正在准备重新导入文件……[39m[0m
[  26% ] [90m[1mreimport[22m | 正在准备重新导入文件……[39m[0m
[  26% ] [90m[1mreimport[22m | 正在准备重新导入文件……[39m[0m
[  27% ] [90m[1mreimport[22m | 正在准备重新导入文件……[39m[0m
[  27% ] [90m[1mreimport[22m | 正在准备重新导入文件……[39m[0m
[  27% ] [90m[1mreimport[22m | 正在准备重新导入文件……[39m[0m
[  27% ] [90m[1mreimport[22m | 正在准备重新导入文件……[39m[0m
[  27% ] [90m[1mreimport[22m | 正在准备重新导入文件……[39m[0m
[  27% ] [90m[1mreimport[22m | 正在准备重新导入文件……[39m[0m
[  27% ] [90m[1mreimport[22m | 正在准备重新导入文件……[39m[0m
[  28% ] [90m[1mreimport[22m | 正在准备重新导入文件……[39m[0m
[  28% ] [90m[1mreimport[22m | 正在准备重新导入文件……[39m[0m
[  28% ] [90m[1mreimport[22m | 正在准备重新导入文件……[39m[0m
[  28% ] [90m[1mreimport[22m | 正在准备重新导入文件……[39m[0m
[  28% ] [90m[1mreimport[22m | 正在准备重新导入文件……[39m[0m
[  28% ] [90m[1mreimport[22m | 正在准备重新导入文件……[39m[0m
[  29% ] [90m[1mreimport[22m | 正在准备重新导入文件……[39m[0m
[  29% ] [90m[1mreimport[22m | 正在准备重新导入文件……[39m[0m
[  29% ] [90m[1mreimport[22m | 正在准备重新导入文件……[39m[0m
[  29% ] [90m[1mreimport[22m | 正在准备重新导入文件……[39m[0m
[  29% ] [90m[1mreimport[22m | 正在准备重新导入文件……[39m[0m
[  29% ] [90m[1mreimport[22m | 正在准备重新导入文件……[39m[0m
[  30% ] [90m[1mreimport[22m | 正在准备重新导入文件……[39m[0m
[  30% ] [90m[1mreimport[22m | 正在准备重新导入文件……[39m[0m
[  30% ] [90m[1mreimport[22m | 正在准备重新导入文件……[39m[0m
[  30% ] [90m[1mreimport[22m | 正在准备重新导入文件……[39m[0m
[  30% ] [90m[1mreimport[22m | 正在准备重新导入文件……[39m[0m
[  30% ] [90m[1mreimport[22m | 正在准备重新导入文件……[39m[0m
[  30% ] [90m[1mreimport[22m | 正在准备重新导入文件……[39m[0m
[  31% ] [90m[1mreimport[22m | 正在准备重新导入文件……[39m[0m
[  31% ] [90m[1mreimport[22m | 正在准备重新导入文件……[39m[0m
[  31% ] [90m[1mreimport[22m | 正在准备重新导入文件……[39m[0m
[  31% ] [90m[1mreimport[22m | 正在准备重新导入文件……[39m[0m
[  31% ] [90m[1mreimport[22m | 正在准备重新导入文件……[39m[0m
[  31% ] [90m[1mreimport[22m | 正在准备重新导入文件……[39m[0m
[  32% ] [90m[1mreimport[22m | 正在准备重新导入文件……[39m[0m
[  32% ] [90m[1mreimport[22m | 正在准备重新导入文件……[39m[0m
[  32% ] [90m[1mreimport[22m | 正在准备重新导入文件……[39m[0m
[  32% ] [90m[1mreimport[22m | 正在准备重新导入文件……[39m[0m
[  32% ] [90m[1mreimport[22m | 正在准备重新导入文件……[39m[0m
[  32% ] [90m[1mreimport[22m | 正在准备重新导入文件……[39m[0m
[  32% ] [90m[1mreimport[22m | 正在准备重新导入文件……[39m[0m
[  33% ] [90m[1mreimport[22m | 正在准备重新导入文件……[39m[0m
[  33% ] [90m[1mreimport[22m | 正在准备重新导入文件……[39m[0m
[  33% ] [90m[1mreimport[22m | 正在准备重新导入文件……[39m[0m
[  33% ] [90m[1mreimport[22m | 正在准备重新导入文件……[39m[0m
[  33% ] [90m[1mreimport[22m | 正在准备重新导入文件……[39m[0m
[  33% ] [90m[1mreimport[22m | 正在准备重新导入文件……[39m[0m
[  34% ] [90m[1mreimport[22m | 正在准备重新导入文件……[39m[0m
[  34% ] [90m[1mreimport[22m | 正在准备重新导入文件……[39m[0m
[  34% ] [90m[1mreimport[22m | 正在准备重新导入文件……[39m[0m
[  34% ] [90m[1mreimport[22m | 正在准备重新导入文件……[39m[0m
[  34% ] [90m[1mreimport[22m | 正在准备重新导入文件……[39m[0m
[  34% ] [90m[1mreimport[22m | 正在准备重新导入文件……[39m[0m
[  35% ] [90m[1mreimport[22m | 正在准备重新导入文件……[39m[0m
[  35% ] [90m[1mreimport[22m | 正在准备重新导入文件……[39m[0m
[  35% ] [90m[1mreimport[22m | 正在准备重新导入文件……[39m[0m
[  35% ] [90m[1mreimport[22m | 正在准备重新导入文件……[39m[0m
[  35% ] [90m[1mreimport[22m | 正在准备重新导入文件……[39m[0m
[  35% ] [90m[1mreimport[22m | 正在准备重新导入文件……[39m[0m
[  35% ] [90m[1mreimport[22m | 正在准备重新导入文件……[39m[0m
[  36% ] [90m[1mreimport[22m | 正在准备重新导入文件……[39m[0m
[  36% ] [90m[1mreimport[22m | 正在准备重新导入文件……[39m[0m
[  36% ] [90m[1mreimport[22m | 正在准备重新导入文件……[39m[0m
[  36% ] [90m[1mreimport[22m | 正在准备重新导入文件……[39m[0m
[  36% ] [90m[1mreimport[22m | 正在准备重新导入文件……[39m[0m
[  36% ] [90m[1mreimport[22m | 正在准备重新导入文件……[39m[0m
[  37% ] [90m[1mreimport[22m | 正在准备重新导入文件……[39m[0m
[  37% ] [90m[1mreimport[22m | 正在准备重新导入文件……[39m[0m
[  37% ] [90m[1mreimport[22m | 正在准备重新导入文件……[39m[0m
[  37% ] [90m[1mreimport[22m | 正在准备重新导入文件……[39m[0m
[  37% ] [90m[1mreimport[22m | 正在准备重新导入文件……[39m[0m
[  37% ] [90m[1mreimport[22m | 正在准备重新导入文件……[39m[0m
[  37% ] [90m[1mreimport[22m | 正在准备重新导入文件……[39m[0m
[  38% ] [90m[1mreimport[22m | 正在准备重新导入文件……[39m[0m
[  38% ] [90m[1mreimport[22m | 正在准备重新导入文件……[39m[0m
[  38% ] [90m[1mreimport[22m | 正在准备重新导入文件……[39m[0m
[  38% ] [90m[1mreimport[22m | 正在准备重新导入文件……[39m[0m
[  38% ] [90m[1mreimport[22m | 正在准备重新导入文件……[39m[0m
[  38% ] [90m[1mreimport[22m | 正在准备重新导入文件……[39m[0m
[  39% ] [90m[1mreimport[22m | 正在准备重新导入文件……[39m[0m
[  39% ] [90m[1mreimport[22m | 正在准备重新导入文件……[39m[0m
[  39% ] [90m[1mreimport[22m | 正在准备重新导入文件……[39m[0m
[  39% ] [90m[1mreimport[22m | 正在准备重新导入文件……[39m[0m
[  39% ] [90m[1mreimport[22m | 正在准备重新导入文件……[39m[0m
[  39% ] [90m[1mreimport[22m | 正在准备重新导入文件……[39m[0m
[  40% ] [90m[1mreimport[22m | 正在准备重新导入文件……[39m[0m
[  40% ] [90m[1mreimport[22m | 正在准备重新导入文件……[39m[0m
[  40% ] [90m[1mreimport[22m | 正在准备重新导入文件……[39m[0m
[  40% ] [90m[1mreimport[22m | 正在准备重新导入文件……[39m[0m
[  40% ] [90m[1mreimport[22m | 正在准备重新导入文件……[39m[0m
[  40% ] [90m[1mreimport[22m | 正在准备重新导入文件……[39m[0m
[  40% ] [90m[1mreimport[22m | 正在准备重新导入文件……[39m[0m
[  41% ] [90m[1mreimport[22m | 正在准备重新导入文件……[39m[0m
[  41% ] [90m[1mreimport[22m | 正在准备重新导入文件……[39m[0m
[  41% ] [90m[1mreimport[22m | 正在准备重新导入文件……[39m[0m
[  41% ] [90m[1mreimport[22m | 正在准备重新导入文件……[39m[0m
[  41% ] [90m[1mreimport[22m | 正在准备重新导入文件……[39m[0m
[  41% ] [90m[1mreimport[22m | 正在准备重新导入文件……[39m[0m
[  42% ] [90m[1mreimport[22m | 正在准备重新导入文件……[39m[0m
[  42% ] [90m[1mreimport[22m | 正在准备重新导入文件……[39m[0m
[  42% ] [90m[1mreimport[22m | 正在准备重新导入文件……[39m[0m
[  42% ] [90m[1mreimport[22m | 正在准备重新导入文件……[39m[0m
[  42% ] [90m[1mreimport[22m | 正在准备重新导入文件……[39m[0m
[  42% ] [90m[1mreimport[22m | 正在准备重新导入文件……[39m[0m
[  42% ] [90m[1mreimport[22m | 正在准备重新导入文件……[39m[0m
[  43% ] [90m[1mreimport[22m | 正在准备重新导入文件……[39m[0m
[  43% ] [90m[1mreimport[22m | 正在准备重新导入文件……[39m[0m
[  43% ] [90m[1mreimport[22m | 正在准备重新导入文件……[39m[0m
[  43% ] [90m[1mreimport[22m | 正在准备重新导入文件……[39m[0m
[  43% ] [90m[1mreimport[22m | 正在准备重新导入文件……[39m[0m
[  43% ] [90m[1mreimport[22m | 正在准备重新导入文件……[39m[0m
[  44% ] [90m[1mreimport[22m | 正在准备重新导入文件……[39m[0m
[  44% ] [90m[1mreimport[22m | 正在准备重新导入文件……[39m[0m
[  44% ] [90m[1mreimport[22m | 正在准备重新导入文件……[39m[0m
[  44% ] [90m[1mreimport[22m | 正在准备重新导入文件……[39m[0m
[  44% ] [90m[1mreimport[22m | 正在准备重新导入文件……[39m[0m
[  44% ] [90m[1mreimport[22m | 正在准备重新导入文件……[39m[0m
[  45% ] [90m[1mreimport[22m | 正在准备重新导入文件……[39m[0m
[  45% ] [90m[1mreimport[22m | 正在准备重新导入文件……[39m[0m
[  45% ] [90m[1mreimport[22m | 正在准备重新导入文件……[39m[0m
[  45% ] [90m[1mreimport[22m | 正在准备重新导入文件……[39m[0m
[  45% ] [90m[1mreimport[22m | 正在准备重新导入文件……[39m[0m
[  45% ] [90m[1mreimport[22m | 正在准备重新导入文件……[39m[0m
[  45% ] [90m[1mreimport[22m | 正在准备重新导入文件……[39m[0m
[  46% ] [90m[1mreimport[22m | 正在准备重新导入文件……[39m[0m
[  46% ] [90m[1mreimport[22m | 正在准备重新导入文件……[39m[0m
[  46% ] [90m[1mreimport[22m | 正在准备重新导入文件……[39m[0m
[  46% ] [90m[1mreimport[22m | 正在准备重新导入文件……[39m[0m
[  46% ] [90m[1mreimport[22m | 正在准备重新导入文件……[39m[0m
[  46% ] [90m[1mreimport[22m | 正在准备重新导入文件……[39m[0m
[  47% ] [90m[1mreimport[22m | 正在准备重新导入文件……[39m[0m
[  47% ] [90m[1mreimport[22m | 正在准备重新导入文件……[39m[0m
[  47% ] [90m[1mreimport[22m | 正在准备重新导入文件……[39m[0m
[  47% ] [90m[1mreimport[22m | 正在准备重新导入文件……[39m[0m
[  47% ] [90m[1mreimport[22m | 正在准备重新导入文件……[39m[0m
[  47% ] [90m[1mreimport[22m | 正在准备重新导入文件……[39m[0m
[  47% ] [90m[1mreimport[22m | 正在准备重新导入文件……[39m[0m
[  48% ] [90m[1mreimport[22m | 正在准备重新导入文件……[39m[0m
[  48% ] [90m[1mreimport[22m | 正在准备重新导入文件……[39m[0m
[  48% ] [90m[1mreimport[22m | 正在准备重新导入文件……[39m[0m
[  48% ] [90m[1mreimport[22m | 正在准备重新导入文件……[39m[0m
[  48% ] [90m[1mreimport[22m | 正在准备重新导入文件……[39m[0m
[  48% ] [90m[1mreimport[22m | 正在准备重新导入文件……[39m[0m
[  49% ] [90m[1mreimport[22m | 正在准备重新导入文件……[39m[0m
[  49% ] [90m[1mreimport[22m | 正在准备重新导入文件……[39m[0m
[  49% ] [90m[1mreimport[22m | 正在准备重新导入文件……[39m[0m
[  49% ] [90m[1mreimport[22m | 正在准备重新导入文件……[39m[0m
[  49% ] [90m[1mreimport[22m | 正在准备重新导入文件……[39m[0m
[  49% ] [90m[1mreimport[22m | 正在准备重新导入文件……[39m[0m
[  50% ] [90m[1mreimport[22m | 正在准备重新导入文件……[39m[0m
[  50% ] [90m[1mreimport[22m | 正在准备重新导入文件……[39m[0m
[  50% ] [90m[1mreimport[22m | 正在准备重新导入文件……[39m[0m
[  50% ] [90m[1mreimport[22m | 正在准备重新导入文件……[39m[0m
[  50% ] [90m[1mreimport[22m | 正在准备重新导入文件……[39m[0m
[  50% ] [90m[1mreimport[22m | 正在准备重新导入文件……[39m[0m
[  50% ] [90m[1mreimport[22m | 正在准备重新导入文件……[39m[0m
[  51% ] [90m[1mreimport[22m | 正在准备重新导入文件……[39m[0m
[  51% ] [90m[1mreimport[22m | 正在准备重新导入文件……[39m[0m
[  51% ] [90m[1mreimport[22m | 正在准备重新导入文件……[39m[0m
[  51% ] [90m[1mreimport[22m | 正在准备重新导入文件……[39m[0m
[  51% ] [90m[1mreimport[22m | 正在准备重新导入文件……[39m[0m
[  51% ] [90m[1mreimport[22m | 正在准备重新导入文件……[39m[0m
[  52% ] [90m[1mreimport[22m | 正在准备重新导入文件……[39m[0m
[  52% ] [90m[1mreimport[22m | 正在准备重新导入文件……[39m[0m
[  52% ] [90m[1mreimport[22m | 正在准备重新导入文件……[39m[0m
[  52% ] [90m[1mreimport[22m | 正在准备重新导入文件……[39m[0m
[  52% ] [90m[1mreimport[22m | 正在准备重新导入文件……[39m[0m
[  52% ] [90m[1mreimport[22m | 正在准备重新导入文件……[39m[0m
[  52% ] [90m[1mreimport[22m | 正在准备重新导入文件……[39m[0m
[  53% ] [90m[1mreimport[22m | 正在准备重新导入文件……[39m[0m
[  53% ] [90m[1mreimport[22m | 正在准备重新导入文件……[39m[0m
[  53% ] [90m[1mreimport[22m | 正在准备重新导入文件……[39m[0m
[  53% ] [90m[1mreimport[22m | 正在准备重新导入文件……[39m[0m
[  53% ] [90m[1mreimport[22m | 正在准备重新导入文件……[39m[0m
[  53% ] [90m[1mreimport[22m | 正在准备重新导入文件……[39m[0m
[  54% ] [90m[1mreimport[22m | 正在准备重新导入文件……[39m[0m
[  54% ] [90m[1mreimport[22m | 正在准备重新导入文件……[39m[0m
[  54% ] [90m[1mreimport[22m | 正在准备重新导入文件……[39m[0m
[  54% ] [90m[1mreimport[22m | 正在准备重新导入文件……[39m[0m
[  54% ] [90m[1mreimport[22m | 正在准备重新导入文件……[39m[0m
[  54% ] [90m[1mreimport[22m | 正在准备重新导入文件……[39m[0m
[  55% ] [90m[1mreimport[22m | 正在准备重新导入文件……[39m[0m
[  55% ] [90m[1mreimport[22m | 正在准备重新导入文件……[39m[0m
[  55% ] [90m[1mreimport[22m | 正在准备重新导入文件……[39m[0m
[  55% ] [90m[1mreimport[22m | 正在准备重新导入文件……[39m[0m
[  55% ] [90m[1mreimport[22m | 正在准备重新导入文件……[39m[0m
[  55% ] [90m[1mreimport[22m | 正在准备重新导入文件……[39m[0m
[  55% ] [90m[1mreimport[22m | 正在准备重新导入文件……[39m[0m
[  56% ] [90m[1mreimport[22m | 正在准备重新导入文件……[39m[0m
[  56% ] [90m[1mreimport[22m | 正在准备重新导入文件……[39m[0m
[  56% ] [90m[1mreimport[22m | 正在准备重新导入文件……[39m[0m
[  56% ] [90m[1mreimport[22m | 正在准备重新导入文件……[39m[0m
[  56% ] [90m[1mreimport[22m | 正在准备重新导入文件……[39m[0m
[  56% ] [90m[1mreimport[22m | 正在准备重新导入文件……[39m[0m
[  57% ] [90m[1mreimport[22m | 正在准备重新导入文件……[39m[0m
[  57% ] [90m[1mreimport[22m | 正在准备重新导入文件……[39m[0m
[  57% ] [90m[1mreimport[22m | 正在准备重新导入文件……[39m[0m
[  57% ] [90m[1mreimport[22m | 正在准备重新导入文件……[39m[0m
[  57% ] [90m[1mreimport[22m | 正在准备重新导入文件……[39m[0m
[  57% ] [90m[1mreimport[22m | 正在准备重新导入文件……[39m[0m
[  57% ] [90m[1mreimport[22m | 正在准备重新导入文件……[39m[0m
[  58% ] [90m[1mreimport[22m | 正在准备重新导入文件……[39m[0m
[  58% ] [90m[1mreimport[22m | 正在准备重新导入文件……[39m[0m
[  58% ] [90m[1mreimport[22m | 正在准备重新导入文件……[39m[0m
[  58% ] [90m[1mreimport[22m | 正在准备重新导入文件……[39m[0m
[  58% ] [90m[1mreimport[22m | 正在准备重新导入文件……[39m[0m
[  58% ] [90m[1mreimport[22m | 正在准备重新导入文件……[39m[0m
[  59% ] [90m[1mreimport[22m | 正在准备重新导入文件……[39m[0m
[  59% ] [90m[1mreimport[22m | 正在准备重新导入文件……[39m[0m
[  59% ] [90m[1mreimport[22m | 正在准备重新导入文件……[39m[0m
[  59% ] [90m[1mreimport[22m | 正在准备重新导入文件……[39m[0m
[  59% ] [90m[1mreimport[22m | 正在准备重新导入文件……[39m[0m
[  59% ] [90m[1mreimport[22m | 正在准备重新导入文件……[39m[0m
[  60% ] [90m[1mreimport[22m | 正在准备重新导入文件……[39m[0m
[  60% ] [90m[1mreimport[22m | 正在准备重新导入文件……[39m[0m
[  60% ] [90m[1mreimport[22m | 正在准备重新导入文件……[39m[0m
[  60% ] [90m[1mreimport[22m | 正在准备重新导入文件……[39m[0m
[  60% ] [90m[1mreimport[22m | 正在准备重新导入文件……[39m[0m
[  60% ] [90m[1mreimport[22m | 正在准备重新导入文件……[39m[0m
[  60% ] [90m[1mreimport[22m | 正在准备重新导入文件……[39m[0m
[  61% ] [90m[1mreimport[22m | 正在准备重新导入文件……[39m[0m
[  61% ] [90m[1mreimport[22m | 正在准备重新导入文件……[39m[0m
[  61% ] [90m[1mreimport[22m | 正在准备重新导入文件……[39m[0m
[  61% ] [90m[1mreimport[22m | 正在准备重新导入文件……[39m[0m
[  61% ] [90m[1mreimport[22m | 正在准备重新导入文件……[39m[0m
[  61% ] [90m[1mreimport[22m | 正在准备重新导入文件……[39m[0m
[  62% ] [90m[1mreimport[22m | 正在准备重新导入文件……[39m[0m
[  62% ] [90m[1mreimport[22m | 正在准备重新导入文件……[39m[0m
[  62% ] [90m[1mreimport[22m | 正在准备重新导入文件……[39m[0m
[  62% ] [90m[1mreimport[22m | 正在准备重新导入文件……[39m[0m
[  62% ] [90m[1mreimport[22m | 正在准备重新导入文件……[39m[0m
[  62% ] [90m[1mreimport[22m | 正在准备重新导入文件……[39m[0m
[  62% ] [90m[1mreimport[22m | 正在准备重新导入文件……[39m[0m
[  63% ] [90m[1mreimport[22m | 正在准备重新导入文件……[39m[0m
[  63% ] [90m[1mreimport[22m | 正在准备重新导入文件……[39m[0m
[  63% ] [90m[1mreimport[22m | 正在准备重新导入文件……[39m[0m
[  63% ] [90m[1mreimport[22m | 正在准备重新导入文件……[39m[0m
[  63% ] [90m[1mreimport[22m | 正在准备重新导入文件……[39m[0m
[  63% ] [90m[1mreimport[22m | 正在准备重新导入文件……[39m[0m
[  64% ] [90m[1mreimport[22m | 正在准备重新导入文件……[39m[0m
[  64% ] [90m[1mreimport[22m | 正在准备重新导入文件……[39m[0m
[  64% ] [90m[1mreimport[22m | 正在准备重新导入文件……[39m[0m
[  64% ] [90m[1mreimport[22m | 正在准备重新导入文件……[39m[0m
[  64% ] [90m[1mreimport[22m | 正在准备重新导入文件……[39m[0m
[  64% ] [90m[1mreimport[22m | 正在准备重新导入文件……[39m[0m
[  65% ] [90m[1mreimport[22m | 正在准备重新导入文件……[39m[0m
[  65% ] [90m[1mreimport[22m | 正在准备重新导入文件……[39m[0m
[  65% ] [90m[1mreimport[22m | 正在准备重新导入文件……[39m[0m
[  65% ] [90m[1mreimport[22m | 正在准备重新导入文件……[39m[0m
[  65% ] [90m[1mreimport[22m | 正在准备重新导入文件……[39m[0m
[  65% ] [90m[1mreimport[22m | 正在准备重新导入文件……[39m[0m
[  65% ] [90m[1mreimport[22m | 正在准备重新导入文件……[39m[0m
[  66% ] [90m[1mreimport[22m | 正在准备重新导入文件……[39m[0m
[  66% ] [90m[1mreimport[22m | 正在准备重新导入文件……[39m[0m
[  66% ] [90m[1mreimport[22m | 正在准备重新导入文件……[39m[0m
[  66% ] [90m[1mreimport[22m | 正在准备重新导入文件……[39m[0m
[  66% ] [90m[1mreimport[22m | 正在准备重新导入文件……[39m[0m
[  66% ] [90m[1mreimport[22m | 正在准备重新导入文件……[39m[0m
[  67% ] [90m[1mreimport[22m | 正在准备重新导入文件……[39m[0m
[  67% ] [90m[1mreimport[22m | 正在准备重新导入文件……[39m[0m
[  67% ] [90m[1mreimport[22m | 正在准备重新导入文件……[39m[0m
[  67% ] [90m[1mreimport[22m | 正在准备重新导入文件……[39m[0m
[  67% ] [90m[1mreimport[22m | 正在准备重新导入文件……[39m[0m
[  67% ] [90m[1mreimport[22m | 正在准备重新导入文件……[39m[0m
[  67% ] [90m[1mreimport[22m | 正在准备重新导入文件……[39m[0m
[  68% ] [90m[1mreimport[22m | 正在准备重新导入文件……[39m[0m
[  68% ] [90m[1mreimport[22m | 正在准备重新导入文件……[39m[0m
[  68% ] [90m[1mreimport[22m | 正在准备重新导入文件……[39m[0m
[  68% ] [90m[1mreimport[22m | 正在准备重新导入文件……[39m[0m
[  68% ] [90m[1mreimport[22m | 正在准备重新导入文件……[39m[0m
[  68% ] [90m[1mreimport[22m | 正在准备重新导入文件……[39m[0m
[  69% ] [90m[1mreimport[22m | 正在准备重新导入文件……[39m[0m
[  69% ] [90m[1mreimport[22m | 正在准备重新导入文件……[39m[0m
[  69% ] [90m[1mreimport[22m | 正在准备重新导入文件……[39m[0m
[  69% ] [90m[1mreimport[22m | 正在准备重新导入文件……[39m[0m
[  69% ] [90m[1mreimport[22m | 正在准备重新导入文件……[39m[0m
[  69% ] [90m[1mreimport[22m | 正在准备重新导入文件……[39m[0m
[  70% ] [90m[1mreimport[22m | 正在准备重新导入文件……[39m[0m
[  70% ] [90m[1mreimport[22m | 正在准备重新导入文件……[39m[0m
[  70% ] [90m[1mreimport[22m | 正在准备重新导入文件……[39m[0m
[  70% ] [90m[1mreimport[22m | 正在准备重新导入文件……[39m[0m
[  70% ] [90m[1mreimport[22m | 正在准备重新导入文件……[39m[0m
[  70% ] [90m[1mreimport[22m | 正在准备重新导入文件……[39m[0m
[  70% ] [90m[1mreimport[22m | 正在准备重新导入文件……[39m[0m
[  71% ] [90m[1mreimport[22m | 正在准备重新导入文件……[39m[0m
[  71% ] [90m[1mreimport[22m | 正在准备重新导入文件……[39m[0m
[  71% ] [90m[1mreimport[22m | 正在准备重新导入文件……[39m[0m
[  71% ] [90m[1mreimport[22m | 正在准备重新导入文件……[39m[0m
[  71% ] [90m[1mreimport[22m | 正在准备重新导入文件……[39m[0m
[  71% ] [90m[1mreimport[22m | 正在准备重新导入文件……[39m[0m
[  72% ] [90m[1mreimport[22m | 正在准备重新导入文件……[39m[0m
[  72% ] [90m[1mreimport[22m | 正在准备重新导入文件……[39m[0m
[  72% ] [90m[1mreimport[22m | 正在准备重新导入文件……[39m[0m
[  72% ] [90m[1mreimport[22m | 正在准备重新导入文件……[39m[0m
[  72% ] [90m[1mreimport[22m | 正在准备重新导入文件……[39m[0m
[  72% ] [90m[1mreimport[22m | 正在准备重新导入文件……[39m[0m
[  72% ] [90m[1mreimport[22m | 正在准备重新导入文件……[39m[0m
[  73% ] [90m[1mreimport[22m | 正在准备重新导入文件……[39m[0m
[  73% ] [90m[1mreimport[22m | 正在准备重新导入文件……[39m[0m
[  73% ] [90m[1mreimport[22m | 正在准备重新导入文件……[39m[0m
[  73% ] [90m[1mreimport[22m | 正在准备重新导入文件……[39m[0m
[  73% ] [90m[1mreimport[22m | 正在准备重新导入文件……[39m[0m
[  73% ] [90m[1mreimport[22m | 正在准备重新导入文件……[39m[0m
[  74% ] [90m[1mreimport[22m | 正在准备重新导入文件……[39m[0m
[  74% ] [90m[1mreimport[22m | 正在准备重新导入文件……[39m[0m
[  74% ] [90m[1mreimport[22m | 正在准备重新导入文件……[39m[0m
[  74% ] [90m[1mreimport[22m | 正在准备重新导入文件……[39m[0m
[  74% ] [90m[1mreimport[22m | 正在准备重新导入文件……[39m[0m
[  74% ] [90m[1mreimport[22m | 正在准备重新导入文件……[39m[0m
[  75% ] [90m[1mreimport[22m | 正在准备重新导入文件……[39m[0m
[  75% ] [90m[1mreimport[22m | 正在准备重新导入文件……[39m[0m
[  75% ] [90m[1mreimport[22m | 正在准备重新导入文件……[39m[0m
[  75% ] [90m[1mreimport[22m | 正在准备重新导入文件……[39m[0m
[  75% ] [90m[1mreimport[22m | 正在准备重新导入文件……[39m[0m
[  75% ] [90m[1mreimport[22m | 正在准备重新导入文件……[39m[0m
[  75% ] [90m[1mreimport[22m | 正在准备重新导入文件……[39m[0m
[  76% ] [90m[1mreimport[22m | 正在准备重新导入文件……[39m[0m
[  76% ] [90m[1mreimport[22m | 正在准备重新导入文件……[39m[0m
[  76% ] [90m[1mreimport[22m | 正在准备重新导入文件……[39m[0m
[  76% ] [90m[1mreimport[22m | 正在准备重新导入文件……[39m[0m
[  76% ] [90m[1mreimport[22m | 正在准备重新导入文件……[39m[0m
[  76% ] [90m[1mreimport[22m | 正在准备重新导入文件……[39m[0m
[  77% ] [90m[1mreimport[22m | 正在准备重新导入文件……[39m[0m
[  77% ] [90m[1mreimport[22m | 正在准备重新导入文件……[39m[0m
[  77% ] [90m[1mreimport[22m | 正在准备重新导入文件……[39m[0m
[  77% ] [90m[1mreimport[22m | 正在准备重新导入文件……[39m[0m
[  77% ] [90m[1mreimport[22m | 正在准备重新导入文件……[39m[0m
[  77% ] [90m[1mreimport[22m | 正在准备重新导入文件……[39m[0m
[  77% ] [90m[1mreimport[22m | 正在准备重新导入文件……[39m[0m
[  78% ] [90m[1mreimport[22m | 正在准备重新导入文件……[39m[0m
[  78% ] [90m[1mreimport[22m | 正在准备重新导入文件……[39m[0m
[  78% ] [90m[1mreimport[22m | 正在准备重新导入文件……[39m[0m
[  78% ] [90m[1mreimport[22m | 正在准备重新导入文件……[39m[0m
[  78% ] [90m[1mreimport[22m | 正在准备重新导入文件……[39m[0m
[  78% ] [90m[1mreimport[22m | 正在准备重新导入文件……[39m[0m
[  79% ] [90m[1mreimport[22m | 正在准备重新导入文件……[39m[0m
[  79% ] [90m[1mreimport[22m | 正在准备重新导入文件……[39m[0m
[  79% ] [90m[1mreimport[22m | 正在准备重新导入文件……[39m[0m
[  79% ] [90m[1mreimport[22m | 正在准备重新导入文件……[39m[0m
[  79% ] [90m[1mreimport[22m | 正在准备重新导入文件……[39m[0m
[  79% ] [90m[1mreimport[22m | 正在准备重新导入文件……[39m[0m
[  80% ] [90m[1mreimport[22m | 正在准备重新导入文件……[39m[0m
[  80% ] [90m[1mreimport[22m | 正在准备重新导入文件……[39m[0m
[  80% ] [90m[1mreimport[22m | 正在准备重新导入文件……[39m[0m
[  80% ] [90m[1mreimport[22m | 正在准备重新导入文件……[39m[0m
[  80% ] [90m[1mreimport[22m | 正在准备重新导入文件……[39m[0m
[  80% ] [90m[1mreimport[22m | 正在准备重新导入文件……[39m[0m
[  80% ] [90m[1mreimport[22m | 正在准备重新导入文件……[39m[0m
[  81% ] [90m[1mreimport[22m | 正在准备重新导入文件……[39m[0m
[  81% ] [90m[1mreimport[22m | 正在准备重新导入文件……[39m[0m
[  81% ] [90m[1mreimport[22m | 正在准备重新导入文件……[39m[0m
[  81% ] [90m[1mreimport[22m | 正在准备重新导入文件……[39m[0m
[  81% ] [90m[1mreimport[22m | 正在准备重新导入文件……[39m[0m
[  81% ] [90m[1mreimport[22m | 正在准备重新导入文件……[39m[0m
[  82% ] [90m[1mreimport[22m | 正在准备重新导入文件……[39m[0m
[  82% ] [90m[1mreimport[22m | 正在准备重新导入文件……[39m[0m
[  82% ] [90m[1mreimport[22m | 正在准备重新导入文件……[39m[0m
[  82% ] [90m[1mreimport[22m | 正在准备重新导入文件……[39m[0m
[  82% ] [90m[1mreimport[22m | 正在准备重新导入文件……[39m[0m
[  82% ] [90m[1mreimport[22m | 正在准备重新导入文件……[39m[0m
[  82% ] [90m[1mreimport[22m | 正在准备重新导入文件……[39m[0m
[  83% ] [90m[1mreimport[22m | 正在准备重新导入文件……[39m[0m
[  83% ] [90m[1mreimport[22m | 正在准备重新导入文件……[39m[0m
[  83% ] [90m[1mreimport[22m | 正在准备重新导入文件……[39m[0m
[  83% ] [90m[1mreimport[22m | 正在准备重新导入文件……[39m[0m
[  83% ] [90m[1mreimport[22m | 正在准备重新导入文件……[39m[0m
[  83% ] [90m[1mreimport[22m | 正在准备重新导入文件……[39m[0m
[  84% ] [90m[1mreimport[22m | 正在准备重新导入文件……[39m[0m
[  84% ] [90m[1mreimport[22m | 正在准备重新导入文件……[39m[0m
[  84% ] [90m[1mreimport[22m | 正在准备重新导入文件……[39m[0m
[  84% ] [90m[1mreimport[22m | 正在准备重新导入文件……[39m[0m
[  84% ] [90m[1mreimport[22m | 正在准备重新导入文件……[39m[0m
[  84% ] [90m[1mreimport[22m | 正在准备重新导入文件……[39m[0m
[  85% ] [90m[1mreimport[22m | 正在准备重新导入文件……[39m[0m
[  85% ] [90m[1mreimport[22m | 正在准备重新导入文件……[39m[0m
[  85% ] [90m[1mreimport[22m | 正在准备重新导入文件……[39m[0m
[  85% ] [90m[1mreimport[22m | 正在准备重新导入文件……[39m[0m
[  85% ] [90m[1mreimport[22m | 正在准备重新导入文件……[39m[0m
[  85% ] [90m[1mreimport[22m | 正在准备重新导入文件……[39m[0m
[  85% ] [90m[1mreimport[22m | 正在准备重新导入文件……[39m[0m
[  86% ] [90m[1mreimport[22m | 正在准备重新导入文件……[39m[0m
[  86% ] [90m[1mreimport[22m | 正在准备重新导入文件……[39m[0m
[  86% ] [90m[1mreimport[22m | 正在准备重新导入文件……[39m[0m
[  86% ] [90m[1mreimport[22m | 正在准备重新导入文件……[39m[0m
[  86% ] [90m[1mreimport[22m | 正在准备重新导入文件……[39m[0m
[  86% ] [90m[1mreimport[22m | 正在准备重新导入文件……[39m[0m
[  87% ] [90m[1mreimport[22m | 正在准备重新导入文件……[39m[0m
[  87% ] [90m[1mreimport[22m | 正在准备重新导入文件……[39m[0m
[  87% ] [90m[1mreimport[22m | 正在准备重新导入文件……[39m[0m
[  87% ] [90m[1mreimport[22m | 正在准备重新导入文件……[39m[0m
[  87% ] [90m[1mreimport[22m | 正在准备重新导入文件……[39m[0m
[  87% ] [90m[1mreimport[22m | 正在准备重新导入文件……[39m[0m
[  87% ] [90m[1mreimport[22m | 正在准备重新导入文件……[39m[0m
[  88% ] [90m[1mreimport[22m | 正在准备重新导入文件……[39m[0m
[  88% ] [90m[1mreimport[22m | 正在准备重新导入文件……[39m[0m
[  88% ] [90m[1mreimport[22m | 正在准备重新导入文件……[39m[0m
[  88% ] [90m[1mreimport[22m | 正在准备重新导入文件……[39m[0m
[  88% ] [90m[1mreimport[22m | 正在准备重新导入文件……[39m[0m
[  88% ] [90m[1mreimport[22m | 正在准备重新导入文件……[39m[0m
[  89% ] [90m[1mreimport[22m | 正在准备重新导入文件……[39m[0m
[  89% ] [90m[1mreimport[22m | 正在准备重新导入文件……[39m[0m
[  89% ] [90m[1mreimport[22m | 正在准备重新导入文件……[39m[0m
[  89% ] [90m[1mreimport[22m | 正在准备重新导入文件……[39m[0m
[  89% ] [90m[1mreimport[22m | 正在准备重新导入文件……[39m[0m
[  89% ] [90m[1mreimport[22m | 正在准备重新导入文件……[39m[0m
[  90% ] [90m[1mreimport[22m | 正在准备重新导入文件……[39m[0m
[  90% ] [90m[1mreimport[22m | 正在准备重新导入文件……[39m[0m
[  90% ] [90m[1mreimport[22m | 正在准备重新导入文件……[39m[0m
[  90% ] [90m[1mreimport[22m | 正在准备重新导入文件……[39m[0m
[  90% ] [90m[1mreimport[22m | 正在准备重新导入文件……[39m[0m
[  90% ] [90m[1mreimport[22m | 正在准备重新导入文件……[39m[0m
[  90% ] [90m[1mreimport[22m | 正在准备重新导入文件……[39m[0m
[  91% ] [90m[1mreimport[22m | 正在准备重新导入文件……[39m[0m
[  91% ] [90m[1mreimport[22m | 正在准备重新导入文件……[39m[0m
[  91% ] [90m[1mreimport[22m | 正在准备重新导入文件……[39m[0m
[  91% ] [90m[1mreimport[22m | 正在准备重新导入文件……[39m[0m
[  91% ] [90m[1mreimport[22m | 正在准备重新导入文件……[39m[0m
[  91% ] [90m[1mreimport[22m | 正在准备重新导入文件……[39m[0m
[  92% ] [90m[1mreimport[22m | 正在准备重新导入文件……[39m[0m
[  92% ] [90m[1mreimport[22m | 正在准备重新导入文件……[39m[0m
[  92% ] [90m[1mreimport[22m | 正在准备重新导入文件……[39m[0m
[  92% ] [90m[1mreimport[22m | 正在准备重新导入文件……[39m[0m
[  92% ] [90m[1mreimport[22m | 正在准备重新导入文件……[39m[0m
[  92% ] [90m[1mreimport[22m | 正在准备重新导入文件……[39m[0m
[  92% ] [90m[1mreimport[22m | 正在准备重新导入文件……[39m[0m
[  93% ] [90m[1mreimport[22m | 正在准备重新导入文件……[39m[0m
[  93% ] [90m[1mreimport[22m | 正在准备重新导入文件……[39m[0m
[  93% ] [90m[1mreimport[22m | 正在准备重新导入文件……[39m[0m
[  93% ] [90m[1mreimport[22m | 正在准备重新导入文件……[39m[0m
[  93% ] [90m[1mreimport[22m | 正在准备重新导入文件……[39m[0m
[  93% ] [90m[1mreimport[22m | 正在准备重新导入文件……[39m[0m
[  94% ] [90m[1mreimport[22m | 正在准备重新导入文件……[39m[0m
[  94% ] [90m[1mreimport[22m | 正在准备重新导入文件……[39m[0m
[  94% ] [90m[1mreimport[22m | 正在准备重新导入文件……[39m[0m
[  94% ] [90m[1mreimport[22m | 正在准备重新导入文件……[39m[0m
[  94% ] [90m[1mreimport[22m | 正在准备重新导入文件……[39m[0m
[  94% ] [90m[1mreimport[22m | 正在准备重新导入文件……[39m[0m
[  95% ] [90m[1mreimport[22m | 正在准备重新导入文件……[39m[0m
[  95% ] [90m[1mreimport[22m | 正在准备重新导入文件……[39m[0m
[  95% ] [90m[1mreimport[22m | 正在准备重新导入文件……[39m[0m
[  95% ] [90m[1mreimport[22m | 正在准备重新导入文件……[39m[0m
[  95% ] [90m[1mreimport[22m | 正在准备重新导入文件……[39m[0m
[  95% ] [90m[1mreimport[22m | 正在准备重新导入文件……[39m[0m
[  95% ] [90m[1mreimport[22m | 正在准备重新导入文件……[39m[0m
[  96% ] [90m[1mreimport[22m | 正在准备重新导入文件……[39m[0m
[  96% ] [90m[1mreimport[22m | 正在准备重新导入文件……[39m[0m
[  96% ] [90m[1mreimport[22m | 正在准备重新导入文件……[39m[0m
[  96% ] [90m[1mreimport[22m | 正在准备重新导入文件……[39m[0m
[  96% ] [90m[1mreimport[22m | 正在准备重新导入文件……[39m[0m
[  96% ] [90m[1mreimport[22m | 正在准备重新导入文件……[39m[0m
[  97% ] [90m[1mreimport[22m | 正在准备重新导入文件……[39m[0m
[  97% ] [90m[1mreimport[22m | 正在准备重新导入文件……[39m[0m
[  97% ] [90m[1mreimport[22m | 正在准备重新导入文件……[39m[0m
[  97% ] [90m[1mreimport[22m | 正在准备重新导入文件……[39m[0m
[  97% ] [90m[1mreimport[22m | 正在准备重新导入文件……[39m[0m
[  97% ] [90m[1mreimport[22m | 正在准备重新导入文件……[39m[0m
[  97% ] [90m[1mreimport[22m | 正在准备重新导入文件……[39m[0m
[  98% ] [90m[1mreimport[22m | 正在准备重新导入文件……[39m[0m
[  98% ] [90m[1mreimport[22m | 正在准备重新导入文件……[39m[0m
[  98% ] [90m[1mreimport[22m | 正在准备重新导入文件……[39m[0m
[  98% ] [90m[1mreimport[22m | 正在准备重新导入文件……[39m[0m
[  98% ] [90m[1mreimport[22m | 正在准备重新导入文件……[39m[0m
[  98% ] [90m[1mreimport[22m | 正在准备重新导入文件……[39m[0m
[  99% ] [90m[1mreimport[22m | 正在准备重新导入文件……[39m[0m
[  99% ] [90m[1mreimport[22m | 正在准备重新导入文件……[39m[0m
[  99% ] [90m[1mreimport[22m | 正在准备重新导入文件……[39m[0m
[  99% ] [90m[1mreimport[22m | 正在准备重新导入文件……[39m[0m
[  99% ] [90m[1mreimport[22m | 正在准备重新导入文件……[39m[0m
[   0% ] [90m[1mreimport[22m | 正在执行重新导入的前置操作……[39m[0m
[   0% ] [90m[1mreimport[22m | NotoSansSC.ttf[39m[0m
[   0% ] [90m[1mreimport[22m | crying-woman-source.mp3[39m[0m
[   0% ] [90m[1mreimport[22m | NotoSansSC.ttf[39m[0m
[   0% ] [90m[1mreimport[22m | crying-woman-source.mp3[39m[0m
[   0% ] [90m[1mreimport[22m | 1600-acknowledged-result.png[39m[0m
[   0% ] [90m[1mreimport[22m | 1600-acknowledged-reunion.png[39m[0m
[   0% ] [90m[1mreimport[22m | 1600-disappointed-hidden.png[39m[0m
[   1% ] [90m[1mreimport[22m | 1600-disappointed-illustration.png[39m[0m
[   1% ] [90m[1mreimport[22m | 1600-disappointed-intervention.png[39m[0m
[   1% ] [90m[1mreimport[22m | 1600-disappointed-inventory.png[39m[0m
[   1% ] [90m[1mreimport[22m | 1600-disappointed-journal.png[39m[0m
[   1% ] [90m[1mreimport[22m | 1600-disappointed-last-line.png[39m[0m
[   1% ] [90m[1mreimport[22m | 1600-disappointed-response.png[39m[0m
[   2% ] [90m[1mreimport[22m | 1600-disappointed-result.png[39m[0m
[   2% ] [90m[1mreimport[22m | 1600-disappointed-reunion.png[39m[0m
[   2% ] [90m[1mreimport[22m | 1600-husband-counter.png[39m[0m
[   2% ] [90m[1mreimport[22m | 1600-released-hidden.png[39m[0m
[   2% ] [90m[1mreimport[22m | 1600-released-illustration.png[39m[0m
[   2% ] [90m[1mreimport[22m | 1600-released-intervention.png[39m[0m
[   2% ] [90m[1mreimport[22m | 1600-released-inventory.png[39m[0m
[   3% ] [90m[1mreimport[22m | 1600-released-journal.png[39m[0m
[   3% ] [90m[1mreimport[22m | 1600-released-last-line.png[39m[0m
[   3% ] [90m[1mreimport[22m | 1600-released-response.png[39m[0m
[   3% ] [90m[1mreimport[22m | 1280-released-response.png[39m[0m
[   3% ] [90m[1mreimport[22m | 1280-released-result.png[39m[0m
[   3% ] [90m[1mreimport[22m | 1280-released-reunion.png[39m[0m
[   4% ] [90m[1mreimport[22m | 1280-resentment-hidden.png[39m[0m
[   4% ] [90m[1mreimport[22m | 1280-resentment-illustration.png[39m[0m
[   4% ] [90m[1mreimport[22m | 1280-resentment-intervention.png[39m[0m
[   4% ] [90m[1mreimport[22m | 1280-resentment-inventory.png[39m[0m
[   4% ] [90m[1mreimport[22m | 1280-resentment-journal.png[39m[0m
[   4% ] [90m[1mreimport[22m | 1280-resentment-last-line.png[39m[0m
[   5% ] [90m[1mreimport[22m | 1280-resentment-response.png[39m[0m
[   5% ] [90m[1mreimport[22m | 1280-resentment-result.png[39m[0m
[   5% ] [90m[1mreimport[22m | 1280-resentment-reunion.png[39m[0m
[   5% ] [90m[1mreimport[22m | 1600-acknowledged-hidden.png[39m[0m
[   5% ] [90m[1mreimport[22m | 1600-acknowledged-illustration.png[39m[0m
[   5% ] [90m[1mreimport[22m | 1600-acknowledged-intervention.png[39m[0m
[   5% ] [90m[1mreimport[22m | 1600-acknowledged-inventory.png[39m[0m
[   6% ] [90m[1mreimport[22m | 1600-acknowledged-journal.png[39m[0m
[   6% ] [90m[1mreimport[22m | 1600-acknowledged-last-line.png[39m[0m
[   6% ] [90m[1mreimport[22m | 1600-acknowledged-response.png[39m[0m
[   6% ] [90m[1mreimport[22m | 1600-direction.png[39m[0m
[   6% ] [90m[1mreimport[22m | 1600-guidance.png[39m[0m
[   6% ] [90m[1mreimport[22m | 1600-request.png[39m[0m
[   7% ] [90m[1mreimport[22m | 1600-retry.png[39m[0m
[   7% ] [90m[1mreimport[22m | 1600-sorrow.png[39m[0m
[   7% ] [90m[1mreimport[22m | 1600-wife.png[39m[0m
[   7% ] [90m[1mreimport[22m | 1280-acknowledged-hidden.png[39m[0m
[   7% ] [90m[1mreimport[22m | 1280-acknowledged-illustration.png[39m[0m
[   7% ] [90m[1mreimport[22m | 1280-acknowledged-intervention.png[39m[0m
[   7% ] [90m[1mreimport[22m | 1280-acknowledged-inventory.png[39m[0m
[   8% ] [90m[1mreimport[22m | 1280-acknowledged-journal.png[39m[0m
[   8% ] [90m[1mreimport[22m | 1280-acknowledged-last-line.png[39m[0m
[   8% ] [90m[1mreimport[22m | 1280-acknowledged-response.png[39m[0m
[   8% ] [90m[1mreimport[22m | 1280-acknowledged-result.png[39m[0m
[   8% ] [90m[1mreimport[22m | 1280-acknowledged-reunion.png[39m[0m
[   8% ] [90m[1mreimport[22m | 1280-disappointed-hidden.png[39m[0m
[   9% ] [90m[1mreimport[22m | 1280-disappointed-illustration.png[39m[0m
[   9% ] [90m[1mreimport[22m | 1280-disappointed-intervention.png[39m[0m
[   9% ] [90m[1mreimport[22m | 1280-disappointed-inventory.png[39m[0m
[   9% ] [90m[1mreimport[22m | 1280-disappointed-journal.png[39m[0m
[   9% ] [90m[1mreimport[22m | 1600-released-result.png[39m[0m
[   9% ] [90m[1mreimport[22m | 1600-released-reunion.png[39m[0m
[  10% ] [90m[1mreimport[22m | 1600-resentment-hidden.png[39m[0m
[  10% ] [90m[1mreimport[22m | 1600-resentment-illustration.png[39m[0m
[  10% ] [90m[1mreimport[22m | 1600-resentment-intervention.png[39m[0m
[  10% ] [90m[1mreimport[22m | 1600-resentment-inventory.png[39m[0m
[  10% ] [90m[1mreimport[22m | 1600-resentment-journal.png[39m[0m
[  10% ] [90m[1mreimport[22m | 1600-resentment-last-line.png[39m[0m
[  10% ] [90m[1mreimport[22m | 1600-resentment-response.png[39m[0m
[  11% ] [90m[1mreimport[22m | 1600-resentment-result.png[39m[0m
[  11% ] [90m[1mreimport[22m | 1600-resentment-reunion.png[39m[0m
[  11% ] [90m[1mreimport[22m | 1280-arrival.png[39m[0m
[  11% ] [90m[1mreimport[22m | 1280-collapsed.png[39m[0m
[  11% ] [90m[1mreimport[22m | 1280-direction.png[39m[0m
[  11% ] [90m[1mreimport[22m | 1280-guidance.png[39m[0m
[  12% ] [90m[1mreimport[22m | 1280-request.png[39m[0m
[  12% ] [90m[1mreimport[22m | 1280-retry.png[39m[0m
[  12% ] [90m[1mreimport[22m | 1280-sorrow.png[39m[0m
[  12% ] [90m[1mreimport[22m | 1280-wife.png[39m[0m
[  12% ] [90m[1mreimport[22m | 1600-arrival.png[39m[0m
[  12% ] [90m[1mreimport[22m | 1600-collapsed.png[39m[0m
[  12% ] [90m[1mreimport[22m | 1600_motion_0.png[39m[0m
[  13% ] [90m[1mreimport[22m | 1600_motion_1.png[39m[0m
[  13% ] [90m[1mreimport[22m | 1600_motion_2.png[39m[0m
[  13% ] [90m[1mreimport[22m | 1600_motion_3.png[39m[0m
[  13% ] [90m[1mreimport[22m | 1600_motion_4.png[39m[0m
[  13% ] [90m[1mreimport[22m | 1600_normal.png[39m[0m
[  13% ] [90m[1mreimport[22m | 1600_no_photo.png[39m[0m
[  14% ] [90m[1mreimport[22m | 1600_observe_0.png[39m[0m
[  14% ] [90m[1mreimport[22m | 1600_observe_1.png[39m[0m
[  14% ] [90m[1mreimport[22m | 1600_observe_2.png[39m[0m
[  14% ] [90m[1mreimport[22m | 1600_observe_3.png[39m[0m
[  14% ] [90m[1mreimport[22m | 1600_relax_sleep.png[39m[0m
[  14% ] [90m[1mreimport[22m | lamp-comparison.png[39m[0m
[  15% ] [90m[1mreimport[22m | living_1280_00_item_notes.png[39m[0m
[  15% ] [90m[1mreimport[22m | living_1280_01_no_inspection.png[39m[0m
[  15% ] [90m[1mreimport[22m | living_1280_02_ghost_reflection.png[39m[0m
[  15% ] [90m[1mreimport[22m | living_1280_02_item_notes_after_scan.png[39m[0m
[  15% ] [90m[1mreimport[22m | living_1280_03_inspection_departure.png[39m[0m
[  15% ] [90m[1mreimport[22m | living_1280_04_swap_offer.png[39m[0m
[  15% ] [90m[1mreimport[22m | living_1280_05_swap_receipt.png[39m[0m
[  16% ] [90m[1mreimport[22m | 1280_motion_0.png[39m[0m
[  16% ] [90m[1mreimport[22m | 1280_motion_1.png[39m[0m
[  16% ] [90m[1mreimport[22m | 1280_motion_2.png[39m[0m
[  16% ] [90m[1mreimport[22m | 1280_motion_3.png[39m[0m
[  16% ] [90m[1mreimport[22m | 1280_motion_4.png[39m[0m
[  16% ] [90m[1mreimport[22m | 1280_normal.png[39m[0m
[  17% ] [90m[1mreimport[22m | 1280_no_photo.png[39m[0m
[  17% ] [90m[1mreimport[22m | 1280_observe_0.png[39m[0m
[  17% ] [90m[1mreimport[22m | 1280_observe_1.png[39m[0m
[  17% ] [90m[1mreimport[22m | 1280_observe_2.png[39m[0m
[  17% ] [90m[1mreimport[22m | 1280_observe_3.png[39m[0m
[  17% ] [90m[1mreimport[22m | 1280_relax_sleep.png[39m[0m
[  17% ] [90m[1mreimport[22m | 1600_lamp_0.png[39m[0m
[  18% ] [90m[1mreimport[22m | 1600_lamp_1.png[39m[0m
[  18% ] [90m[1mreimport[22m | 1600_lamp_2.png[39m[0m
[  18% ] [90m[1mreimport[22m | 1600_lamp_3.png[39m[0m
[  18% ] [90m[1mreimport[22m | 1600_lamp_4.png[39m[0m
[  18% ] [90m[1mreimport[22m | 1600_lamp_hover.png[39m[0m
[  18% ] [90m[1mreimport[22m | 1600_lamp_inspect.png[39m[0m
[  19% ] [90m[1mreimport[22m | 1600_lamp_out.png[39m[0m
[  19% ] [90m[1mreimport[22m | 1280-acknowledged-last-line.png[39m[0m
[  19% ] [90m[1mreimport[22m | 1280-acknowledged-response.png[39m[0m
[  19% ] [90m[1mreimport[22m | 1280-acknowledged-result.png[39m[0m
[  19% ] [90m[1mreimport[22m | 1280-acknowledged-reunion.png[39m[0m
[  19% ] [90m[1mreimport[22m | 1280-disappointed-hidden.png[39m[0m
[  20% ] [90m[1mreimport[22m | 1280-disappointed-illustration.png[39m[0m
[  20% ] [90m[1mreimport[22m | 1280-disappointed-intervention.png[39m[0m
[  20% ] [90m[1mreimport[22m | 1280-disappointed-inventory.png[39m[0m
[  20% ] [90m[1mreimport[22m | 1280-disappointed-journal.png[39m[0m
[  20% ] [90m[1mreimport[22m | 1280-disappointed-last-line.png[39m[0m
[  20% ] [90m[1mreimport[22m | 1280-disappointed-response.png[39m[0m
[  20% ] [90m[1mreimport[22m | 1280-disappointed-result.png[39m[0m
[  21% ] [90m[1mreimport[22m | 1280-disappointed-reunion.png[39m[0m
[  21% ] [90m[1mreimport[22m | 1280-husband-counter.png[39m[0m
[  21% ] [90m[1mreimport[22m | 1280-released-hidden.png[39m[0m
[  21% ] [90m[1mreimport[22m | 1280-released-illustration.png[39m[0m
[  21% ] [90m[1mreimport[22m | 1280-released-intervention.png[39m[0m
[  21% ] [90m[1mreimport[22m | 1280-released-inventory.png[39m[0m
[  22% ] [90m[1mreimport[22m | 1280-released-journal.png[39m[0m
[  22% ] [90m[1mreimport[22m | 1280-released-last-line.png[39m[0m
[  22% ] [90m[1mreimport[22m | living_1280_06_replaced_ticket.png[39m[0m
[  22% ] [90m[1mreimport[22m | living_1280_07_living_return.png[39m[0m
[  22% ] [90m[1mreimport[22m | living_1280_08_substitute_delivery.png[39m[0m
[  22% ] [90m[1mreimport[22m | living_1280_09_death_notice.png[39m[0m
[  22% ] [90m[1mreimport[22m | living_1600_00_item_notes.png[39m[0m
[  23% ] [90m[1mreimport[22m | living_1600_01_no_inspection.png[39m[0m
[  23% ] [90m[1mreimport[22m | living_1600_02_ghost_reflection.png[39m[0m
[  23% ] [90m[1mreimport[22m | living_1600_02_item_notes_after_scan.png[39m[0m
[  23% ] [90m[1mreimport[22m | living_1600_03_inspection_departure.png[39m[0m
[  23% ] [90m[1mreimport[22m | living_1600_04_swap_offer.png[39m[0m
[  23% ] [90m[1mreimport[22m | living_1600_05_swap_receipt.png[39m[0m
[  24% ] [90m[1mreimport[22m | living_1600_06_replaced_ticket.png[39m[0m
[  24% ] [90m[1mreimport[22m | living_1600_07_living_return.png[39m[0m
[  24% ] [90m[1mreimport[22m | living_1600_08_substitute_delivery.png[39m[0m
[  24% ] [90m[1mreimport[22m | living_1600_09_death_notice.png[39m[0m
[  24% ] [90m[1mreimport[22m | 1280-acknowledged-hidden.png[39m[0m
[  24% ] [90m[1mreimport[22m | 1280-acknowledged-illustration.png[39m[0m
[  25% ] [90m[1mreimport[22m | 1280-acknowledged-intervention.png[39m[0m
[  25% ] [90m[1mreimport[22m | 1280-acknowledged-inventory.png[39m[0m
[  25% ] [90m[1mreimport[22m | 1280-acknowledged-journal.png[39m[0m
[  25% ] [90m[1mreimport[22m | 1600-released-hidden.png[39m[0m
[  25% ] [90m[1mreimport[22m | 1600-released-illustration.png[39m[0m
[  25% ] [90m[1mreimport[22m | 1600-released-intervention.png[39m[0m
[  25% ] [90m[1mreimport[22m | 1600-released-inventory.png[39m[0m
[  26% ] [90m[1mreimport[22m | 1600-released-journal.png[39m[0m
[  26% ] [90m[1mreimport[22m | 1600-released-last-line.png[39m[0m
[  26% ] [90m[1mreimport[22m | 1600-released-response.png[39m[0m
[  26% ] [90m[1mreimport[22m | 1600-released-result.png[39m[0m
[  26% ] [90m[1mreimport[22m | 1600-released-reunion.png[39m[0m
[  26% ] [90m[1mreimport[22m | 1600-resentment-hidden.png[39m[0m
[  27% ] [90m[1mreimport[22m | 1600-resentment-illustration.png[39m[0m
[  27% ] [90m[1mreimport[22m | 1600-resentment-intervention.png[39m[0m
[  27% ] [90m[1mreimport[22m | 1600-resentment-inventory.png[39m[0m
[  27% ] [90m[1mreimport[22m | 1600-resentment-journal.png[39m[0m
[  27% ] [90m[1mreimport[22m | 1600-resentment-last-line.png[39m[0m
[  27% ] [90m[1mreimport[22m | 1600-resentment-response.png[39m[0m
[  27% ] [90m[1mreimport[22m | 1600-resentment-result.png[39m[0m
[  28% ] [90m[1mreimport[22m | 1600-resentment-reunion.png[39m[0m
[  28% ] [90m[1mreimport[22m | latest-first-1600.png[39m[0m
[  28% ] [90m[1mreimport[22m | 1280-resentment-reunion.png[39m[0m
[  28% ] [90m[1mreimport[22m | 1600-acknowledged-hidden.png[39m[0m
[  28% ] [90m[1mreimport[22m | 1600-acknowledged-illustration.png[39m[0m
[  28% ] [90m[1mreimport[22m | 1600-acknowledged-intervention.png[39m[0m
[  29% ] [90m[1mreimport[22m | 1600-acknowledged-inventory.png[39m[0m
[  29% ] [90m[1mreimport[22m | 1600-acknowledged-journal.png[39m[0m
[  29% ] [90m[1mreimport[22m | 1600-acknowledged-last-line.png[39m[0m
[  29% ] [90m[1mreimport[22m | 1600-acknowledged-response.png[39m[0m
[  29% ] [90m[1mreimport[22m | 1600-acknowledged-result.png[39m[0m
[  29% ] [90m[1mreimport[22m | 1600-acknowledged-reunion.png[39m[0m
[  30% ] [90m[1mreimport[22m | 1600-disappointed-hidden.png[39m[0m
[  30% ] [90m[1mreimport[22m | 1600-disappointed-illustration.png[39m[0m
[  30% ] [90m[1mreimport[22m | 1600-disappointed-intervention.png[39m[0m
[  30% ] [90m[1mreimport[22m | 1600-disappointed-inventory.png[39m[0m
[  30% ] [90m[1mreimport[22m | 1600-disappointed-journal.png[39m[0m
[  30% ] [90m[1mreimport[22m | 1600-disappointed-last-line.png[39m[0m
[  30% ] [90m[1mreimport[22m | 1600-disappointed-response.png[39m[0m
[  31% ] [90m[1mreimport[22m | 1600-disappointed-result.png[39m[0m
[  31% ] [90m[1mreimport[22m | 1600-disappointed-reunion.png[39m[0m
[  31% ] [90m[1mreimport[22m | 1600-husband-counter.png[39m[0m
[  31% ] [90m[1mreimport[22m | receipt_consistency_1280_02_fourth_night_teapot.png[39m[0m
[  31% ] [90m[1mreimport[22m | receipt_consistency_1600_02_fourth_night_teapot.png[39m[0m
[  31% ] [90m[1mreimport[22m | bench-1280.png[39m[0m
[  32% ] [90m[1mreimport[22m | comparison-1600.png[39m[0m
[  32% ] [90m[1mreimport[22m | self-claim-1280.png[39m[0m
[  32% ] [90m[1mreimport[22m | growth_1280_02_built.png[39m[0m
[  32% ] [90m[1mreimport[22m | growth_1280_05_compartment.png[39m[0m
[  32% ] [90m[1mreimport[22m | growth_1280_06_buyer_offer.png[39m[0m
[  32% ] [90m[1mreimport[22m | growth_1600_06_buyer_offer.png[39m[0m
[  32% ] [90m[1mreimport[22m | growth_1600_08_receipt.png[39m[0m
[  33% ] [90m[1mreimport[22m | counter-1600.png[39m[0m
[  33% ] [90m[1mreimport[22m | room-1280.png[39m[0m
[  33% ] [90m[1mreimport[22m | room-1600.png[39m[0m
[  33% ] [90m[1mreimport[22m | approved-reference.png[39m[0m
[  33% ] [90m[1mreimport[22m | comparison-controls.png[39m[0m
[  33% ] [90m[1mreimport[22m | comparison-full.png[39m[0m
[  34% ] [90m[1mreimport[22m | shop_hud_1280_01_counter.png[39m[0m
[  34% ] [90m[1mreimport[22m | shop_hud_1280_02_menu.png[39m[0m
[  34% ] [90m[1mreimport[22m | shop_hud_1600_01_counter.png[39m[0m
[  34% ] [90m[1mreimport[22m | shop_hud_1600_02_menu.png[39m[0m
[  34% ] [90m[1mreimport[22m | modal-1280.png[39m[0m
[  34% ] [90m[1mreimport[22m | reaction-1280.png[39m[0m
[  35% ] [90m[1mreimport[22m | lighting_1280_menu.png[39m[0m
[  35% ] [90m[1mreimport[22m | lighting_1600_175.png[39m[0m
[  35% ] [90m[1mreimport[22m | lighting_1600_180.png[39m[0m
[  35% ] [90m[1mreimport[22m | lighting_1600_360.png[39m[0m
[  35% ] [90m[1mreimport[22m | lighting_1600_480.png[39m[0m
[  35% ] [90m[1mreimport[22m | lighting_1600_appraisal.png[39m[0m
[  35% ] [90m[1mreimport[22m | night_1600_wet_cloth.png[39m[0m
[  36% ] [90m[1mreimport[22m | night_1280_one_quote.png[39m[0m
[  36% ] [90m[1mreimport[22m | night_1280_wet_cloth.png[39m[0m
[  36% ] [90m[1mreimport[22m | night_1280_wet_receipt.png[39m[0m
[  36% ] [90m[1mreimport[22m | night_1600_blue_lamp.png[39m[0m
[  36% ] [90m[1mreimport[22m | night_1600_wet_cloth.png[39m[0m
[  36% ] [90m[1mreimport[22m | preparation-hover-1280.png[39m[0m
[  37% ] [90m[1mreimport[22m | preparation-ledger-1600.png[39m[0m
[  37% ] [90m[1mreimport[22m | quote_deadline_1280_refused.png[39m[0m
[  37% ] [90m[1mreimport[22m | quote_deadline_1600_accepted.png[39m[0m
[  37% ] [90m[1mreimport[22m | quote_deadline_1600_refused_details.png[39m[0m
[  37% ] [90m[1mreimport[22m | receipt_consistency_1280_01_first_sale.png[39m[0m
[  37% ] [90m[1mreimport[22m | 1280-resentment-response.png[39m[0m
[  37% ] [90m[1mreimport[22m | 1280-resentment-result.png[39m[0m
[  38% ] [90m[1mreimport[22m | 1280-resentment-reunion.png[39m[0m
[  38% ] [90m[1mreimport[22m | 1280-door.png[39m[0m
[  38% ] [90m[1mreimport[22m | 1280-fade.png[39m[0m
[  38% ] [90m[1mreimport[22m | 1280-guidance.png[39m[0m
[  38% ] [90m[1mreimport[22m | 1280-morning.png[39m[0m
[  38% ] [90m[1mreimport[22m | 1280-request.png[39m[0m
[  39% ] [90m[1mreimport[22m | 1280-retry.png[39m[0m
[  39% ] [90m[1mreimport[22m | 1280-sorrow.png[39m[0m
[  39% ] [90m[1mreimport[22m | 1280-wife.png[39m[0m
[  39% ] [90m[1mreimport[22m | 1600-door.png[39m[0m
[  39% ] [90m[1mreimport[22m | 1600-fade.png[39m[0m
[  39% ] [90m[1mreimport[22m | 1600-guidance.png[39m[0m
[  40% ] [90m[1mreimport[22m | 1600-morning.png[39m[0m
[  40% ] [90m[1mreimport[22m | 1600-request.png[39m[0m
[  40% ] [90m[1mreimport[22m | 1600-retry.png[39m[0m
[  40% ] [90m[1mreimport[22m | 1600-sorrow.png[39m[0m
[  40% ] [90m[1mreimport[22m | 1600-wife.png[39m[0m
[  40% ] [90m[1mreimport[22m | mirror-journal-1280-answer.png[39m[0m
[  40% ] [90m[1mreimport[22m | 1280-disappointed-last-line.png[39m[0m
[  41% ] [90m[1mreimport[22m | 1280-disappointed-response.png[39m[0m
[  41% ] [90m[1mreimport[22m | 1280-disappointed-result.png[39m[0m
[  41% ] [90m[1mreimport[22m | 1280-disappointed-reunion.png[39m[0m
[  41% ] [90m[1mreimport[22m | 1280-husband-counter.png[39m[0m
[  41% ] [90m[1mreimport[22m | 1280-released-hidden.png[39m[0m
[  41% ] [90m[1mreimport[22m | 1280-released-illustration.png[39m[0m
[  42% ] [90m[1mreimport[22m | 1280-released-intervention.png[39m[0m
[  42% ] [90m[1mreimport[22m | 1280-released-inventory.png[39m[0m
[  42% ] [90m[1mreimport[22m | 1280-released-journal.png[39m[0m
[  42% ] [90m[1mreimport[22m | 1280-released-last-line.png[39m[0m
[  42% ] [90m[1mreimport[22m | 1280-released-response.png[39m[0m
[  42% ] [90m[1mreimport[22m | 1280-released-result.png[39m[0m
[  42% ] [90m[1mreimport[22m | 1280-released-reunion.png[39m[0m
[  43% ] [90m[1mreimport[22m | 1280-resentment-hidden.png[39m[0m
[  43% ] [90m[1mreimport[22m | 1280-resentment-illustration.png[39m[0m
[  43% ] [90m[1mreimport[22m | 1280-resentment-intervention.png[39m[0m
[  43% ] [90m[1mreimport[22m | 1280-resentment-inventory.png[39m[0m
[  43% ] [90m[1mreimport[22m | 1280-resentment-journal.png[39m[0m
[  43% ] [90m[1mreimport[22m | 1280-resentment-last-line.png[39m[0m
[  44% ] [90m[1mreimport[22m | 1280-disappointed-result.png[39m[0m
[  44% ] [90m[1mreimport[22m | 1280-disappointed-reunion.png[39m[0m
[  44% ] [90m[1mreimport[22m | 1280-husband-counter.png[39m[0m
[  44% ] [90m[1mreimport[22m | 1280-released-hidden.png[39m[0m
[  44% ] [90m[1mreimport[22m | 1280-released-illustration.png[39m[0m
[  44% ] [90m[1mreimport[22m | 1280-released-intervention.png[39m[0m
[  45% ] [90m[1mreimport[22m | 1280-released-inventory.png[39m[0m
[  45% ] [90m[1mreimport[22m | 1280-released-journal.png[39m[0m
[  45% ] [90m[1mreimport[22m | 1280-released-last-line.png[39m[0m
[  45% ] [90m[1mreimport[22m | 1280-released-response.png[39m[0m
[  45% ] [90m[1mreimport[22m | 1280-released-result.png[39m[0m
[  45% ] [90m[1mreimport[22m | 1280-released-reunion.png[39m[0m
[  45% ] [90m[1mreimport[22m | 1280-resentment-hidden.png[39m[0m
[  46% ] [90m[1mreimport[22m | 1280-resentment-illustration.png[39m[0m
[  46% ] [90m[1mreimport[22m | 1280-resentment-intervention.png[39m[0m
[  46% ] [90m[1mreimport[22m | 1280-resentment-inventory.png[39m[0m
[  46% ] [90m[1mreimport[22m | 1280-resentment-journal.png[39m[0m
[  46% ] [90m[1mreimport[22m | 1280-resentment-last-line.png[39m[0m
[  46% ] [90m[1mreimport[22m | 1280-resentment-response.png[39m[0m
[  47% ] [90m[1mreimport[22m | 1280-resentment-result.png[39m[0m
[  47% ] [90m[1mreimport[22m | mirror-journal-1280-clues.png[39m[0m
[  47% ] [90m[1mreimport[22m | mirror-journal-1600-answer.png[39m[0m
[  47% ] [90m[1mreimport[22m | mirror-journal-1600-clues.png[39m[0m
[  47% ] [90m[1mreimport[22m | mirror-journal-1600-memories.png[39m[0m
[  47% ] [90m[1mreimport[22m | 1280-acknowledged-hidden.png[39m[0m
[  47% ] [90m[1mreimport[22m | 1280-acknowledged-illustration.png[39m[0m
[  48% ] [90m[1mreimport[22m | 1280-acknowledged-intervention.png[39m[0m
[  48% ] [90m[1mreimport[22m | 1280-acknowledged-inventory.png[39m[0m
[  48% ] [90m[1mreimport[22m | 1280-acknowledged-journal.png[39m[0m
[  48% ] [90m[1mreimport[22m | 1280-acknowledged-last-line.png[39m[0m
[  48% ] [90m[1mreimport[22m | 1280-acknowledged-response.png[39m[0m
[  48% ] [90m[1mreimport[22m | 1280-acknowledged-result.png[39m[0m
[  49% ] [90m[1mreimport[22m | 1280-acknowledged-reunion.png[39m[0m
[  49% ] [90m[1mreimport[22m | 1280-disappointed-hidden.png[39m[0m
[  49% ] [90m[1mreimport[22m | 1280-disappointed-illustration.png[39m[0m
[  49% ] [90m[1mreimport[22m | 1280-disappointed-intervention.png[39m[0m
[  49% ] [90m[1mreimport[22m | 1280-disappointed-inventory.png[39m[0m
[  49% ] [90m[1mreimport[22m | 1280-disappointed-journal.png[39m[0m
[  50% ] [90m[1mreimport[22m | 1280-disappointed-last-line.png[39m[0m
[  50% ] [90m[1mreimport[22m | 1280-disappointed-response.png[39m[0m
[  50% ] [90m[1mreimport[22m | wife_waiting_blood_tears.png[39m[0m
[  50% ] [90m[1mreimport[22m | acknowledged.png[39m[0m
[  50% ] [90m[1mreimport[22m | disappointed.png[39m[0m
[  50% ] [90m[1mreimport[22m | released.png[39m[0m
[  50% ] [90m[1mreimport[22m | resentment.png[39m[0m
[  51% ] [90m[1mreimport[22m | husband_angry.png[39m[0m
[  51% ] [90m[1mreimport[22m | husband_evasive.png[39m[0m
[  51% ] [90m[1mreimport[22m | husband_remorse.png[39m[0m
[  51% ] [90m[1mreimport[22m | husband_surprise.png[39m[0m
[  51% ] [90m[1mreimport[22m | husband_terrified.png[39m[0m
[  51% ] [90m[1mreimport[22m | wife_disappointed.png[39m[0m
[  52% ] [90m[1mreimport[22m | wife_questioning.png[39m[0m
[  52% ] [90m[1mreimport[22m | wife_reaching.png[39m[0m
[  52% ] [90m[1mreimport[22m | wife_relief.png[39m[0m
[  52% ] [90m[1mreimport[22m | wife_sorrow.png[39m[0m
[  52% ] [90m[1mreimport[22m | wife_waiting.png[39m[0m
[  52% ] [90m[1mreimport[22m | hairpin.svg[39m[0m
[  52% ] [90m[1mreimport[22m | bowl_foot.svg[39m[0m
[  53% ] [90m[1mreimport[22m | bowl_seam.svg[39m[0m
[  53% ] [90m[1mreimport[22m | silver_ring_flaw.svg[39m[0m
[  53% ] [90m[1mreimport[22m | silver_ring_front.svg[39m[0m
[  53% ] [90m[1mreimport[22m | silver_ring_sound.svg[39m[0m
[  53% ] [90m[1mreimport[22m | tea_cup_back.svg[39m[0m
[  53% ] [90m[1mreimport[22m | tea_cup_condition_mended.svg[39m[0m
[  54% ] [90m[1mreimport[22m | tea_cup_flaw.svg[39m[0m
[  54% ] [90m[1mreimport[22m | tea_cup_front.svg[39m[0m
[  54% ] [90m[1mreimport[22m | tea_cup_pattern0_side0.svg[39m[0m
[  54% ] [90m[1mreimport[22m | tea_cup_pattern0_side1.svg[39m[0m
[  54% ] [90m[1mreimport[22m | tea_cup_pattern1_side0.svg[39m[0m
[  54% ] [90m[1mreimport[22m | tea_cup_pattern1_side1.svg[39m[0m
[  55% ] [90m[1mreimport[22m | tea_cup_sound.svg[39m[0m
[  55% ] [90m[1mreimport[22m | mirror_vignette.png[39m[0m
[  55% ] [90m[1mreimport[22m | counter-incense-lit.png[39m[0m
[  55% ] [90m[1mreimport[22m | counter-lamp-off.png[39m[0m
[  55% ] [90m[1mreimport[22m | incense-smoke.png[39m[0m
[  55% ] [90m[1mreimport[22m | button-plaque.png[39m[0m
[  55% ] [90m[1mreimport[22m | menu-background.png[39m[0m
[  56% ] [90m[1mreimport[22m | wife_sorrow_blood_tears.png[39m[0m
[  56% ] [90m[1mreimport[22m | 1280-decline.png[39m[0m
[  56% ] [90m[1mreimport[22m | 1280-fixed.png[39m[0m
[  56% ] [90m[1mreimport[22m | 1280-portrait.png[39m[0m
[  56% ] [90m[1mreimport[22m | 1600-arrival.png[39m[0m
[  56% ] [90m[1mreimport[22m | 1600-counter_collapsed.png[39m[0m
[  57% ] [90m[1mreimport[22m | 1600-decline.png[39m[0m
[  57% ] [90m[1mreimport[22m | 1600-fixed.png[39m[0m
[  57% ] [90m[1mreimport[22m | 1600-portrait.png[39m[0m
[  57% ] [90m[1mreimport[22m | 1280-busy.png[39m[0m
[  57% ] [90m[1mreimport[22m | 1280-customer.png[39m[0m
[  57% ] [90m[1mreimport[22m | 1280-paper_options.png[39m[0m
[  57% ] [90m[1mreimport[22m | 1280-topics.png[39m[0m
[  58% ] [90m[1mreimport[22m | 1600-busy.png[39m[0m
[  58% ] [90m[1mreimport[22m | 1600-customer.png[39m[0m
[  58% ] [90m[1mreimport[22m | 1600-paper_options.png[39m[0m
[  58% ] [90m[1mreimport[22m | 1600-topics.png[39m[0m
[  58% ] [90m[1mreimport[22m | 1280-2200.png[39m[0m
[  58% ] [90m[1mreimport[22m | 1280-arrival.png[39m[0m
[  59% ] [90m[1mreimport[22m | 1280-arrival_counter.png[39m[0m
[  59% ] [90m[1mreimport[22m | hairpin_seam.svg[39m[0m
[  59% ] [90m[1mreimport[22m | alert-circle.svg[39m[0m
[  59% ] [90m[1mreimport[22m | candle.svg[39m[0m
[  59% ] [90m[1mreimport[22m | clock.svg[39m[0m
[  59% ] [90m[1mreimport[22m | coins.svg[39m[0m
[  60% ] [90m[1mreimport[22m | menu-2.svg[39m[0m
[  60% ] [90m[1mreimport[22m | moon.svg[39m[0m
[  60% ] [90m[1mreimport[22m | receipt.svg[39m[0m
[  60% ] [90m[1mreimport[22m | ticket.svg[39m[0m
[  60% ] [90m[1mreimport[22m | envelope.png[39m[0m
[  60% ] [90m[1mreimport[22m | pawn_hanging.png[39m[0m
[  60% ] [90m[1mreimport[22m | level-one-study.png[39m[0m
[  61% ] [90m[1mreimport[22m | progression-00-initial.png[39m[0m
[  61% ] [90m[1mreimport[22m | progression-01-repaired.png[39m[0m
[  61% ] [90m[1mreimport[22m | progression-02-specialized.png[39m[0m
[  61% ] [90m[1mreimport[22m | progression-03-premium.png[39m[0m
[  61% ] [90m[1mreimport[22m | selected-initial.png[39m[0m
[  61% ] [90m[1mreimport[22m | selected.png[39m[0m
[  62% ] [90m[1mreimport[22m | 1280-arrival.png[39m[0m
[  62% ] [90m[1mreimport[22m | 1280-counter_collapsed.png[39m[0m
[  62% ] [90m[1mreimport[22m | teahouse.svg[39m[0m
[  62% ] [90m[1mreimport[22m | watchmaker.svg[39m[0m
[  62% ] [90m[1mreimport[22m | bowl_back.svg[39m[0m
[  62% ] [90m[1mreimport[22m | bowl_front.svg[39m[0m
[  62% ] [90m[1mreimport[22m | bowl_intact.svg[39m[0m
[  63% ] [90m[1mreimport[22m | bowl_repair.svg[39m[0m
[  63% ] [90m[1mreimport[22m | holder_back.svg[39m[0m
[  63% ] [90m[1mreimport[22m | holder_brass.svg[39m[0m
[  63% ] [90m[1mreimport[22m | holder_front.svg[39m[0m
[  63% ] [90m[1mreimport[22m | holder_iron.svg[39m[0m
[  63% ] [90m[1mreimport[22m | mirror_back.svg[39m[0m
[  64% ] [90m[1mreimport[22m | mirror_blood.svg[39m[0m
[  64% ] [90m[1mreimport[22m | mirror_front.svg[39m[0m
[  64% ] [90m[1mreimport[22m | mirror_inscription.svg[39m[0m
[  64% ] [90m[1mreimport[22m | mirror_ordinary_front.svg[39m[0m
[  64% ] [90m[1mreimport[22m | mirror_resentful_front.svg[39m[0m
[  64% ] [90m[1mreimport[22m | agent.png[39m[0m
[  65% ] [90m[1mreimport[22m | bookkeeper.png[39m[0m
[  65% ] [90m[1mreimport[22m | citizen.png[39m[0m
[  65% ] [90m[1mreimport[22m | desk.png[39m[0m
[  65% ] [90m[1mreimport[22m | fan-flawed.png[39m[0m
[  65% ] [90m[1mreimport[22m | fan-mended.png[39m[0m
[  65% ] [90m[1mreimport[22m | fan-sound.png[39m[0m
[  65% ] [90m[1mreimport[22m | reference-book.png[39m[0m
[  66% ] [90m[1mreimport[22m | companion-side.png[39m[0m
[  66% ] [90m[1mreimport[22m | counter-aqi-resting.png[39m[0m
[  66% ] [90m[1mreimport[22m | counter-aqi-v2.png[39m[0m
[  66% ] [90m[1mreimport[22m | counter-aqi.png[39m[0m
[  66% ] [90m[1mreimport[22m | counter-bent.png[39m[0m
[  66% ] [90m[1mreimport[22m | counter-fixed.png[39m[0m
[  67% ] [90m[1mreimport[22m | ledger.svg[39m[0m
[  67% ] [90m[1mreimport[22m | sketch-atlas.png[39m[0m
[  67% ] [90m[1mreimport[22m | agent.svg[39m[0m
[  67% ] [90m[1mreimport[22m | bookkeeper.svg[39m[0m
[  67% ] [90m[1mreimport[22m | citizen.svg[39m[0m
[  67% ] [90m[1mreimport[22m | hawker.svg[39m[0m
[  67% ] [90m[1mreimport[22m | mirror_wife.svg[39m[0m
[  68% ] [90m[1mreimport[22m | scholar.svg[39m[0m
[  68% ] [90m[1mreimport[22m | seamstress.svg[39m[0m
[  68% ] [90m[1mreimport[22m | room-normal.png[39m[0m
[  68% ] [90m[1mreimport[22m | room-rest.png[39m[0m
[  68% ] [90m[1mreimport[22m | room-shell.png[39m[0m
[  68% ] [90m[1mreimport[22m | discovered-compartment.png[39m[0m
[  69% ] [90m[1mreimport[22m | return-arrow.png[39m[0m
[  69% ] [90m[1mreimport[22m | room-level0.png[39m[0m
[  69% ] [90m[1mreimport[22m | room-level1.png[39m[0m
[  69% ] [90m[1mreimport[22m | room-level2.png[39m[0m
[  69% ] [90m[1mreimport[22m | room-level3.png[39m[0m
[  69% ] [90m[1mreimport[22m | folding_fan_back.svg[39m[0m
[  70% ] [90m[1mreimport[22m | folding_fan_front.svg[39m[0m
[  70% ] [90m[1mreimport[22m | folding_fan_sound.svg[39m[0m
[  70% ] [90m[1mreimport[22m | silver_lock_back.svg[39m[0m
[  70% ] [90m[1mreimport[22m | silver_lock_condition_mended.svg[39m[0m
[  70% ] [90m[1mreimport[22m | silver_lock_flaw.svg[39m[0m
[  70% ] [90m[1mreimport[22m | silver_lock_front.svg[39m[0m
[  70% ] [90m[1mreimport[22m | silver_lock_sound.svg[39m[0m
[  71% ] [90m[1mreimport[22m | silver_ring_back.svg[39m[0m
[  71% ] [90m[1mreimport[22m | silver_ring_condition_mended.svg[39m[0m
[  71% ] [90m[1mreimport[22m | hawker.png[39m[0m
[  71% ] [90m[1mreimport[22m | scholar.png[39m[0m
[  71% ] [90m[1mreimport[22m | seamstress.png[39m[0m
[  71% ] [90m[1mreimport[22m | teahouse.png[39m[0m
[  72% ] [90m[1mreimport[22m | watchmaker.png[39m[0m
[  72% ] [90m[1mreimport[22m | ghost_closed_bundle.png[39m[0m
[  72% ] [90m[1mreimport[22m | ghost_swap_guest.png[39m[0m
[  72% ] [90m[1mreimport[22m | jiang_suyun.png[39m[0m
[  72% ] [90m[1mreimport[22m | mirror_husband.png[39m[0m
[  72% ] [90m[1mreimport[22m | mirror_medicine.png[39m[0m
[  72% ] [90m[1mreimport[22m | xu_wenheng.png[39m[0m
[  73% ] [90m[1mreimport[22m | citizen.png[39m[0m
[  73% ] [90m[1mreimport[22m | neighbor.png[39m[0m
[  73% ] [90m[1mreimport[22m | neighbor_v2.png[39m[0m
[  73% ] [90m[1mreimport[22m | bowl_front.png[39m[0m
[  73% ] [90m[1mreimport[22m | hairpin_front.png[39m[0m
[  73% ] [90m[1mreimport[22m | handbell.png[39m[0m
[  74% ] [90m[1mreimport[22m | paper.png[39m[0m
[  74% ] [90m[1mreimport[22m | counter_room.png[39m[0m
[  74% ] [90m[1mreimport[22m | reflection-normal.png[39m[0m
[  74% ] [90m[1mreimport[22m | bedroom-1280_lamp_inspect.png[39m[0m
[  74% ] [90m[1mreimport[22m | bedroom-1280_relax_sleep.png[39m[0m
[  74% ] [90m[1mreimport[22m | deferred-1280.png[39m[0m
[  75% ] [90m[1mreimport[22m | redeemed-1600.png[39m[0m
[  75% ] [90m[1mreimport[22m | request-1280.png[39m[0m
[  75% ] [90m[1mreimport[22m | facilities_1280_01_initial.png[39m[0m
[  75% ] [90m[1mreimport[22m | facilities_1280_02_bench_paper.png[39m[0m
[  75% ] [90m[1mreimport[22m | facilities_1280_03_bench_only.png[39m[0m
[  75% ] [90m[1mreimport[22m | facilities_1280_04_displayed.png[39m[0m
[  75% ] [90m[1mreimport[22m | facilities_1280_06_compartment.png[39m[0m
[  76% ] [90m[1mreimport[22m | facilities_1280_08_display_only.png[39m[0m
[  76% ] [90m[1mreimport[22m | facilities_1280_preview_3.png[39m[0m
[  76% ] [90m[1mreimport[22m | facilities_1600_01_initial.png[39m[0m
[  76% ] [90m[1mreimport[22m | facilities_1600_02_bench_paper.png[39m[0m
[  76% ] [90m[1mreimport[22m | facilities_1600_03_bench_only.png[39m[0m
[  76% ] [90m[1mreimport[22m | facilities_1600_04_displayed.png[39m[0m
[  77% ] [90m[1mreimport[22m | facilities_1600_06_compartment.png[39m[0m
[  77% ] [90m[1mreimport[22m | facilities_1600_08_display_only.png[39m[0m
[  77% ] [90m[1mreimport[22m | facilities_1600_preview_3.png[39m[0m
[  77% ] [90m[1mreimport[22m | accountant-return-1280.png[39m[0m
[  77% ] [90m[1mreimport[22m | 1600-customer.png[39m[0m
[  77% ] [90m[1mreimport[22m | 1600-old_affairs.png[39m[0m
[  77% ] [90m[1mreimport[22m | 1600-topics.png[39m[0m
[  78% ] [90m[1mreimport[22m | 1280-arrival.png[39m[0m
[  78% ] [90m[1mreimport[22m | 1280-coat.png[39m[0m
[  78% ] [90m[1mreimport[22m | 1280-decline.png[39m[0m
[  78% ] [90m[1mreimport[22m | 1280-ending.png[39m[0m
[  78% ] [90m[1mreimport[22m | 1280-fixed.png[39m[0m
[  78% ] [90m[1mreimport[22m | 1280-floorplan.png[39m[0m
[  79% ] [90m[1mreimport[22m | 1280-ledger.png[39m[0m
[  79% ] [90m[1mreimport[22m | 1280-paper.png[39m[0m
[  79% ] [90m[1mreimport[22m | 1280-shop_crisis.png[39m[0m
[  79% ] [90m[1mreimport[22m | 1600-arrival.png[39m[0m
[  79% ] [90m[1mreimport[22m | 1600-coat.png[39m[0m
[  79% ] [90m[1mreimport[22m | 1600-decline.png[39m[0m
[  80% ] [90m[1mreimport[22m | 1600-ending.png[39m[0m
[  80% ] [90m[1mreimport[22m | 1600-fixed.png[39m[0m
[  80% ] [90m[1mreimport[22m | 1600-floorplan.png[39m[0m
[  80% ] [90m[1mreimport[22m | 1600-ledger.png[39m[0m
[  80% ] [90m[1mreimport[22m | 1600-paper.png[39m[0m
[  80% ] [90m[1mreimport[22m | 1600-shop_crisis.png[39m[0m
[  80% ] [90m[1mreimport[22m | four_1280_bowl_evidence.png[39m[0m
[  81% ] [90m[1mreimport[22m | four_1280_foot_bargaining.png[39m[0m
[  81% ] [90m[1mreimport[22m | four_1280_foot_evidence.png[39m[0m
[  81% ] [90m[1mreimport[22m | four_1280_hairpin_evidence.png[39m[0m
[  81% ] [90m[1mreimport[22m | four_1600_fourth_return.png[39m[0m
[  81% ] [90m[1mreimport[22m | four_1600_fourth_summary.png[39m[0m
[  81% ] [90m[1mreimport[22m | four_1600_pawn_receipt.png[39m[0m
[  82% ] [90m[1mreimport[22m | notes-1280.png[39m[0m
[  82% ] [90m[1mreimport[22m | notes-1600.png[39m[0m
[  82% ] [90m[1mreimport[22m | notes-after-scan-1280.png[39m[0m
[  82% ] [90m[1mreimport[22m | 1280_business_death.png[39m[0m
[  82% ] [90m[1mreimport[22m | 1280_business_warning.png[39m[0m
[  82% ] [90m[1mreimport[22m | 1280_lamp_0.png[39m[0m
[  82% ] [90m[1mreimport[22m | 1280_lamp_1.png[39m[0m
[  83% ] [90m[1mreimport[22m | 1280_lamp_2.png[39m[0m
[  83% ] [90m[1mreimport[22m | 1280_lamp_3.png[39m[0m
[  83% ] [90m[1mreimport[22m | 1280_lamp_4.png[39m[0m
[  83% ] [90m[1mreimport[22m | 1280_lamp_hover.png[39m[0m
[  83% ] [90m[1mreimport[22m | 1280_lamp_inspect.png[39m[0m
[  83% ] [90m[1mreimport[22m | 1280_lamp_out.png[39m[0m
[  84% ] [90m[1mreimport[22m | funded-silk-1280.png[39m[0m
[  84% ] [90m[1mreimport[22m | pending-ticket-1280.png[39m[0m
[  84% ] [90m[1mreimport[22m | redemption-1600.png[39m[0m
[  84% ] [90m[1mreimport[22m | silk-offer-1280.png[39m[0m
[  84% ] [90m[1mreimport[22m | claim-1280.png[39m[0m
[  84% ] [90m[1mreimport[22m | desk-1280.png[39m[0m
[  85% ] [90m[1mreimport[22m | desk-1600.png[39m[0m
[  85% ] [90m[1mreimport[22m | source-size.png[39m[0m
[  85% ] [90m[1mreimport[22m | zoom-1600.png[39m[0m
[  85% ] [90m[1mreimport[22m | claim-1600.png[39m[0m
[  85% ] [90m[1mreimport[22m | confirm-1280.png[39m[0m
[  85% ] [90m[1mreimport[22m | confirm-1600.png[39m[0m
[  85% ] [90m[1mreimport[22m | light-confirm-1280.png[39m[0m
[  86% ] [90m[1mreimport[22m | light-confirm-1600.png[39m[0m
[  86% ] [90m[1mreimport[22m | notes-1280.png[39m[0m
[  86% ] [90m[1mreimport[22m | notes-1600.png[39m[0m
[  86% ] [90m[1mreimport[22m | retry-1280.png[39m[0m
[  86% ] [90m[1mreimport[22m | single-clear-1280.png[39m[0m
[  86% ] [90m[1mreimport[22m | single-clear-1600.png[39m[0m
[  87% ] [90m[1mreimport[22m | 1280-request.png[39m[0m
[  87% ] [90m[1mreimport[22m | 1600-request.png[39m[0m
[  87% ] [90m[1mreimport[22m | 1600-paper_options.png[39m[0m
[  87% ] [90m[1mreimport[22m | 1600-paper_result.png[39m[0m
[  87% ] [90m[1mreimport[22m | 1600-preparation.png[39m[0m
[  87% ] [90m[1mreimport[22m | 1600-request.png[39m[0m
[  87% ] [90m[1mreimport[22m | 1600-ticket_comparison.png[39m[0m
[  88% ] [90m[1mreimport[22m | 1600-topics.png[39m[0m
[  88% ] [90m[1mreimport[22m | 1280-arrival.png[39m[0m
[  88% ] [90m[1mreimport[22m | 1280-bent.png[39m[0m
[  88% ] [90m[1mreimport[22m | 1280-counter_collapsed.png[39m[0m
[  88% ] [90m[1mreimport[22m | 1280-decline.png[39m[0m
[  88% ] [90m[1mreimport[22m | 1280-ending.png[39m[0m
[  89% ] [90m[1mreimport[22m | 1280-fixed.png[39m[0m
[  89% ] [90m[1mreimport[22m | 1280-floorplan.png[39m[0m
[  89% ] [90m[1mreimport[22m | 1280-ledger.png[39m[0m
[  89% ] [90m[1mreimport[22m | 1280-paper_reply.png[39m[0m
[  89% ] [90m[1mreimport[22m | 1600-arrival.png[39m[0m
[  89% ] [90m[1mreimport[22m | 1600-bent.png[39m[0m
[  90% ] [90m[1mreimport[22m | 1600-counter_collapsed.png[39m[0m
[  90% ] [90m[1mreimport[22m | 1600-decline.png[39m[0m
[  90% ] [90m[1mreimport[22m | 1600-ending.png[39m[0m
[  90% ] [90m[1mreimport[22m | 1280-busy.png[39m[0m
[  90% ] [90m[1mreimport[22m | 1280-chat_result.png[39m[0m
[  90% ] [90m[1mreimport[22m | 1280-customer.png[39m[0m
[  90% ] [90m[1mreimport[22m | 1280-idle.png[39m[0m
[  91% ] [90m[1mreimport[22m | 1280-old_affairs.png[39m[0m
[  91% ] [90m[1mreimport[22m | 1280-old_ticket.png[39m[0m
[  91% ] [90m[1mreimport[22m | 1280-paper_options.png[39m[0m
[  91% ] [90m[1mreimport[22m | 1280-paper_result.png[39m[0m
[  91% ] [90m[1mreimport[22m | 1280-preparation.png[39m[0m
[  91% ] [90m[1mreimport[22m | 1280-request.png[39m[0m
[  92% ] [90m[1mreimport[22m | 1280-ticket_comparison.png[39m[0m
[  92% ] [90m[1mreimport[22m | 1280-topics.png[39m[0m
[  92% ] [90m[1mreimport[22m | 1600-2200.png[39m[0m
[  92% ] [90m[1mreimport[22m | 1600-arrival.png[39m[0m
[  92% ] [90m[1mreimport[22m | 1600-arrival_counter.png[39m[0m
[  92% ] [90m[1mreimport[22m | 1600-busy.png[39m[0m
[  92% ] [90m[1mreimport[22m | 1600-chat_result.png[39m[0m
[  93% ] [90m[1mreimport[22m | 1600-customer.png[39m[0m
[  93% ] [90m[1mreimport[22m | 1600-idle.png[39m[0m
[  93% ] [90m[1mreimport[22m | 1600-old_affairs.png[39m[0m
[  93% ] [90m[1mreimport[22m | 1600-old_ticket.png[39m[0m
[  93% ] [90m[1mreimport[22m | 1600-portrait.png[39m[0m
[  93% ] [90m[1mreimport[22m | 1280-arrival.png[39m[0m
[  94% ] [90m[1mreimport[22m | 1280-decline.png[39m[0m
[  94% ] [90m[1mreimport[22m | 1280-ending.png[39m[0m
[  94% ] [90m[1mreimport[22m | 1280-fixed.png[39m[0m
[  94% ] [90m[1mreimport[22m | 1280-ledger.png[39m[0m
[  94% ] [90m[1mreimport[22m | 1280-portrait.png[39m[0m
[  94% ] [90m[1mreimport[22m | 1600-arrival.png[39m[0m
[  95% ] [90m[1mreimport[22m | 1600-decline.png[39m[0m
[  95% ] [90m[1mreimport[22m | 1600-ending.png[39m[0m
[  95% ] [90m[1mreimport[22m | 1600-fixed.png[39m[0m
[  95% ] [90m[1mreimport[22m | 1600-ledger.png[39m[0m
[  95% ] [90m[1mreimport[22m | 1600-portrait.png[39m[0m
[  95% ] [90m[1mreimport[22m | 1280-paper.png[39m[0m
[  95% ] [90m[1mreimport[22m | 1600-paper.png[39m[0m
[  96% ] [90m[1mreimport[22m | 1280-arrival.png[39m[0m
[  96% ] [90m[1mreimport[22m | 1280-customer.png[39m[0m
[  96% ] [90m[1mreimport[22m | 1280-old_affairs.png[39m[0m
[  96% ] [90m[1mreimport[22m | 1280-topics.png[39m[0m
[  96% ] [90m[1mreimport[22m | 1600-arrival.png[39m[0m
[  96% ] [90m[1mreimport[22m | 1600-fixed.png[39m[0m
[  97% ] [90m[1mreimport[22m | 1600-floorplan.png[39m[0m
[  97% ] [90m[1mreimport[22m | 1600-ledger.png[39m[0m
[  97% ] [90m[1mreimport[22m | 1600-paper_reply.png[39m[0m
[  97% ] [90m[1mreimport[22m | 1280-arrival.png[39m[0m
[  97% ] [90m[1mreimport[22m | 1280-counter_collapsed.png[39m[0m
[  97% ] [90m[1mreimport[22m | 1280-fixed.png[39m[0m
[  97% ] [90m[1mreimport[22m | 1280-ledger.png[39m[0m
[  98% ] [90m[1mreimport[22m | 1280-portrait.png[39m[0m
[  98% ] [90m[1mreimport[22m | 1600-arrival.png[39m[0m
[  98% ] [90m[1mreimport[22m | 1600-counter_collapsed.png[39m[0m
[  98% ] [90m[1mreimport[22m | NotoSansSC.ttf[39m[0m
[  98% ] [90m[1mreimport[22m | crying-woman-source.mp3[39m[0m
[  98% ] [90m[1mreimport[22m | 1600-acknowledged-result.png[39m[0m
[  99% ] [90m[1mreimport[22m | 1600-acknowledged-reunion.png[39m[0m
[  99% ] [90m[1mreimport[22m | 1600-disappointed-hidden.png[39m[0m
[  99% ] [90m[1mreimport[22m | 1600-disappointed-illustration.png[39m[0m
[  99% ] [90m[1mreimport[22m | 1600-disappointed-intervention.png[39m[0m
[  99% ] [90m[1mreimport[22m | 1600-disappointed-inventory.png[39m[0m
[  99% ] [90m[1mreimport[22m | 正在结束资产导入……[39m[0m
[92m[ DONE ][39m [1mreimport[22m
[0m
[   0% ] [90m[1mreimport[22m | Started 正在导入或重新导入资产 (639 steps)[39m[0m
[   0% ] [90m[1mreimport[22m | 正在执行重新导入的后置操作……[39m[0m
[92m[ DONE ][39m [1mreimport[22m
[0m
[   0% ] [90m[1mloading_editor_layout[22m | Started 正在加载编辑器 (5 steps)[39m[0m
[   0% ] [90m[1mloading_editor_layout[22m | 正在加载编辑器布局……[39m[0m
[  16% ] [90m[1mloading_editor_layout[22m | 正在加载停靠面板……[39m[0m
[92m[ DONE ][39m [1mloading_editor_layout[22m
[0m
